gebiednaam_x,BEVTOTAAL,BEV65PLUS_P,BEVMIGEUROP_P,BEVVROUW_P,BEVEENOUDERHH_P,BEVALLEENHH_P,WCORHUUR_P,WPARTHUUR_P,WWOZ_GEM,W_KRAP_P,PUITKERING_1874_P,IHHINK_GEM,IWW_P,WCONTACTB_R,WZBUURTHUIZEN_R,LTHUISVOELEN_R,VVEILIGAVOND_R,BEPERKING_BEWEGEN,EENZAAM,EEN_OF_MEER_LANGDURIGE_AANDOENINGEN,ERVAREN_GEZONDHEID_GOED_ZEER_GOED,OVERGEWICHT,PSYCHISCHE_KLACHTEN,SOCIALE_STEUN,VEERKRACHT_LAAG,p_ink_hi,p_hh_osm,p_arb_pp,a_opl_lg,BEV0_14_P,BEVGEB_P,BEVMIG_P
Planciusbuurt-Noord,336.0,10.4,25.3,48.5,4.4,73.8,50.8,40.1,345320.0,13.4,11.0,34200.0,3.3,6.2,6.5,7.7,7.2,6.3,61.1,32.7,67.9,36.5,33.8,10.1,21.3,22.4,13.4,73.0,6.0,5.4,1.5,25.9
Westelijke eilanden,2920.0,19.6,19.2,51.8,5.8,61.7,46.8,21.2,542992.0,7.0,8.0,47100.0,2.9,6.5,6.9,8.3,8.2,7.2,55.6,33.8,70.3,37.8,27.4,7.7,17.9,27.9,12.2,63.0,9.2,10.2,0.5,24.5
Westerdokseiland,1827.0,21.6,17.7,48.8,8.2,46.9,27.6,32.1,695165.0,2.0,8.0,63500.0,2.4,6.9,6.4,8.4,7.9,8.5,53.7,33.7,71.2,40.1,24.7,7.2,17.2,40.5,9.1,64.0,12.0,12.2,1.1,33.8
Planciusbuurt-Zuid,170.0,17.6,13.5,47.1,3.9,77.3,91.1,8.1,345320.0,6.7,20.0,28800.0,3.3,6.2,6.5,7.7,7.2,11.4,64.2,40.8,59.0,43.1,35.7,10.7,23.9,13.1,23.2,64.0,17.6,9.4,2.9,28.3
Haarlemmerbuurt-West,2419.0,18.2,18.6,48.6,6.1,61.5,43.7,33.8,509367.0,6.5,12.0,48900.0,3.3,6.4,7.2,8.3,7.9,8.1,57.9,34.0,68.1,38.9,30.3,8.5,19.7,28.6,13.0,65.0,14.9,8.1,0.6,28.8
Haarlemmerbuurt-Oost,1497.0,17.6,19.6,48.9,4.4,65.2,33.5,43.8,554196.0,7.2,7.0,48100.0,3.5,6.6,6.7,8.2,7.1,6.3,56.0,32.2,71.5,36.1,29.2,7.8,18.0,28.1,10.6,67.0,8.7,6.4,0.7,23.1
Marnixbuurt-Noord,1454.0,17.4,19.6,50.1,6.1,63.9,52.9,31.6,401565.0,7.5,12.0,39800.0,3.6,5.3,6.7,7.4,6.8,10.5,59.6,35.1,65.2,40.8,32.0,9.2,21.2,23.7,13.7,66.0,12.4,8.5,1.0,29.8
Driehoekbuurt,2700.0,16.2,21.0,50.7,5.3,67.2,38.8,36.1,445904.0,8.9,11.0,44100.0,3.8,6.5,7.3,8.4,7.9,7.1,57.7,33.4,69.1,37.2,30.8,8.8,19.5,26.6,12.9,65.0,8.1,8.1,0.9,23.8
Anjeliersbuurt-Noord,2129.0,17.5,18.6,50.7,6.1,61.9,31.6,40.6,544300.0,7.9,7.0,50600.0,3.2,7.3,6.8,8.9,8.2,6.7,53.5,33.0,71.2,36.7,28.0,7.2,17.2,27.0,10.6,66.0,13.2,8.1,0.7,19.9
Zaagpoortbuurt,917.0,8.5,20.4,40.8,3.1,79.0,51.0,34.3,320171.0,11.6,15.0,32000.0,3.7,6.2,6.5,7.7,7.2,6.8,64.3,33.0,66.1,36.8,38.4,11.6,24.2,20.9,20.4,65.0,12.0,5.9,1.0,34.8
Anjeliersbuurt-Zuid,2918.0,19.3,19.2,50.0,6.0,66.4,47.0,27.5,488119.0,7.8,10.0,44800.0,3.6,6.6,7.0,8.2,8.1,7.7,57.1,35.4,68.1,38.9,29.7,8.1,19.2,25.8,14.0,64.0,9.6,7.8,0.8,22.8
Marnixbuurt-Midden,206.0,6.8,24.8,46.1,3.3,49.6,0.8,57.6,517791.0,12.3,12.0,57500.0,3.3,6.2,6.5,7.7,7.2,3.1,54.0,24.8,77.1,33.1,29.1,8.2,17.1,37.7,9.2,79.0,9.7,8.7,2.4,27.1
Bloemgrachtbuurt,3020.0,16.0,23.6,51.9,4.9,62.8,23.7,46.1,550398.0,8.7,7.0,52300.0,4.0,6.5,6.9,8.3,8.1,6.8,56.2,32.0,71.3,36.3,30.2,8.1,18.4,32.6,11.6,67.0,7.9,8.5,0.5,23.9
Groenmarktkadebuurt,313.0,8.3,26.8,56.2,0.9,60.6,0.0,69.6,463664.0,5.3,4.0,61700.0,3.3,6.2,6.5,7.7,7.2,4.1,55.1,25.3,75.8,29.2,31.8,8.8,18.7,37.9,6.6,70.0,3.2,3.2,1.6,28.2
Marnixbuurt-Zuid,668.0,28.4,19.6,47.0,1.4,77.3,33.6,52.8,426157.0,3.9,11.0,42600.0,4.4,6.2,6.5,7.7,7.2,9.0,60.4,35.4,67.2,37.8,31.6,8.7,20.2,27.3,12.3,65.0,12.0,4.5,0.7,30.7
Elandsgrachtbuurt,4282.0,18.3,21.4,49.3,5.0,66.2,34.0,43.7,495002.0,6.9,9.0,48200.0,3.1,6.6,7.8,8.3,8.1,7.4,57.2,33.6,69.4,38.3,30.1,8.2,19.2,28.6,13.8,65.0,9.6,7.4,0.7,26.0
Passeerdersgrachtbuurt,905.0,19.7,22.5,45.2,3.5,68.6,34.8,31.2,621479.0,5.4,10.0,52600.0,3.1,7.1,6.5,8.7,7.9,7.0,57.5,33.0,71.0,36.5,29.8,8.3,18.6,32.6,11.8,59.0,13.3,5.6,0.6,26.3
Langestraat e.o.,1931.0,20.3,23.7,47.0,3.4,57.2,7.5,47.1,824839.0,5.9,2.0,87600.0,2.3,6.4,7.3,8.5,8.0,3.9,51.6,29.9,76.4,35.0,24.5,6.7,14.7,39.6,6.6,66.0,17.1,8.9,0.3,22.3
Leliegracht e.o.,1850.0,14.5,25.2,49.6,3.0,59.0,16.9,48.1,835076.0,7.0,3.0,81900.0,1.4,6.3,7.2,8.3,8.3,3.4,56.0,27.7,76.2,32.3,28.1,8.4,16.2,38.3,8.6,61.0,5.4,7.0,0.3,26.2
Felix Meritisbuurt,2056.0,15.6,25.5,47.2,4.6,59.1,8.4,55.5,810086.0,4.3,4.0,82200.0,1.9,6.1,7.7,8.3,8.0,4.2,53.7,28.8,76.2,34.0,27.7,7.5,16.0,39.5,7.8,67.0,3.9,6.4,0.8,25.3
Leidsegracht-Noord,691.0,16.9,23.7,47.0,3.3,57.6,10.0,50.2,1029395.0,4.3,2.0,78500.0,3.3,6.2,6.5,7.7,7.2,3.3,54.1,27.7,76.6,32.7,28.1,7.8,15.8,38.5,6.0,66.0,17.4,5.5,0.7,24.9
Hemelrijk,559.0,5.7,34.7,43.1,2.6,63.2,3.2,72.3,440976.0,10.6,7.0,40900.0,4.0,6.2,6.5,7.7,7.2,3.7,62.4,27.8,72.4,33.2,33.4,10.5,19.4,28.1,11.9,68.0,30.4,3.9,0.9,23.1
Nieuwendijk-Noord,505.0,3.8,33.7,39.8,2.6,64.1,9.6,76.9,473506.0,10.4,5.0,45100.0,4.8,6.2,6.5,7.7,7.2,4.2,63.7,27.3,71.5,32.8,34.7,11.2,21.2,22.8,10.7,71.0,4.0,4.4,1.0,32.6
Spuistraat-Noord,869.0,7.4,32.9,48.7,2.1,60.0,8.6,67.0,500646.0,12.6,4.0,44700.0,2.8,5.3,6.5,7.9,7.2,3.5,59.9,26.2,74.6,30.7,32.8,9.8,19.5,28.0,7.5,70.0,4.6,2.9,0.9,25.7
Nieuwe Kerk e.o.,784.0,5.6,26.4,43.2,2.1,64.6,8.4,72.9,464534.0,11.0,4.0,43300.0,4.4,6.3,5.9,7.6,7.3,3.3,59.5,26.2,73.7,31.9,33.0,9.7,19.8,28.1,9.2,73.0,3.8,5.0,0.6,29.3
Spuistraat-Zuid,753.0,9.7,30.7,43.4,3.8,67.6,22.9,62.4,520211.0,5.1,5.0,49800.0,3.2,6.3,6.1,7.8,7.6,4.6,60.0,28.3,72.7,32.4,34.7,9.6,19.4,29.9,12.2,71.0,6.6,4.6,0.7,26.7
Begijnhofbuurt,447.0,15.7,29.5,56.8,0.9,73.3,1.1,91.7,476711.0,6.3,6.0,36500.0,3.3,6.2,6.5,7.7,7.5,7.3,60.7,30.5,70.3,33.1,35.9,9.7,20.5,25.8,8.3,67.0,6.7,3.4,1.1,28.0
Kalverdriehoek,332.0,5.4,32.5,44.3,3.5,65.7,5.1,78.2,586495.0,4.4,12.0,50200.0,3.3,6.2,6.5,7.7,7.2,3.5,58.1,24.4,75.6,30.2,33.5,9.8,18.4,33.0,4.8,67.0,6.0,5.7,1.5,28.0
Kop Zeedijk,1134.0,8.9,26.5,43.6,2.5,69.2,11.3,70.2,441917.0,8.7,6.0,40700.0,2.0,6.3,6.1,8.3,7.7,4.2,60.5,28.5,72.4,34.8,31.8,10.0,19.8,25.7,12.3,70.0,4.4,4.3,0.5,31.3
Oude Kerk e.o.,707.0,10.3,29.1,43.0,3.9,67.0,37.1,52.1,511361.0,5.0,7.0,38000.0,3.2,5.4,6.5,7.5,6.5,5.0,59.3,28.5,70.9,32.3,33.6,9.7,20.7,21.0,15.5,67.0,14.1,3.3,0.7,25.5
Burgwallen-Oost,1631.0,10.3,27.6,46.1,3.6,63.1,9.8,73.0,473686.0,12.6,6.0,36800.0,4.3,6.0,7.0,7.2,6.6,5.3,60.5,29.1,70.8,33.4,33.2,10.1,21.1,19.4,12.9,69.0,9.8,5.2,0.4,27.7
Nes e.o.,371.0,7.5,30.5,44.7,3.2,63.2,5.3,66.2,620000.0,5.7,4.0,62500.0,3.3,6.2,6.5,7.7,7.2,3.2,58.2,26.9,74.6,32.1,34.8,9.6,18.3,31.3,5.9,71.0,2.7,5.4,1.3,23.1
BG-terrein e.o.,706.0,11.2,24.4,44.6,2.2,70.8,42.8,38.1,561802.0,6.7,6.0,41900.0,3.4,6.8,6.5,8.4,7.4,4.4,55.7,29.8,72.0,32.0,33.6,8.5,19.3,25.8,11.2,66.0,7.1,5.0,0.7,20.5
Oosterdokseiland,469.0,10.0,18.8,41.8,8.7,48.1,33.6,26.5,708042.0,2.2,8.0,72300.0,3.3,6.2,6.5,7.7,7.2,5.7,58.1,29.2,73.4,37.9,28.0,9.6,17.0,47.8,4.9,67.0,10.7,12.6,1.1,36.6
Lastage,1084.0,16.0,21.0,47.9,6.4,57.5,23.9,44.4,510602.0,8.2,6.0,51100.0,2.4,6.5,7.8,8.2,8.2,5.4,54.4,30.9,73.5,35.0,27.7,7.4,17.5,31.3,10.3,69.0,8.3,7.1,0.7,22.7
Scheepvaarthuisbuurt,737.0,14.8,21.0,51.3,4.2,53.2,4.8,60.2,682723.0,3.8,4.0,55400.0,3.3,6.2,6.5,7.7,7.2,3.7,49.8,28.2,76.2,32.4,26.6,6.2,16.3,34.5,6.3,69.0,4.1,8.0,0.7,15.9
Rapenburg,988.0,10.5,26.7,51.2,5.6,59.2,38.6,37.6,521989.0,21.0,4.0,56700.0,3.3,6.6,6.5,8.6,8.1,4.8,59.4,29.0,72.7,33.3,30.4,9.5,18.7,33.9,10.5,61.0,7.1,9.2,0.6,25.9
Nieuwmarkt,1573.0,29.6,17.0,51.0,5.8,68.4,68.1,16.5,464072.0,5.7,12.0,38900.0,2.8,6.8,7.9,8.6,8.0,10.3,58.1,38.8,64.6,40.7,29.4,8.1,20.2,20.6,18.1,58.0,10.2,7.1,0.8,24.4
Uilenburg,1233.0,17.9,23.8,47.4,5.9,62.5,35.8,30.4,512220.0,5.3,8.0,58300.0,2.1,6.0,7.6,8.4,7.7,7.0,58.6,32.5,70.6,37.3,28.5,8.6,18.8,34.0,11.1,64.0,10.5,6.3,0.9,30.7
Valkenburg,1182.0,23.4,23.0,49.4,3.5,66.5,23.3,35.6,517060.0,3.8,7.0,52500.0,3.6,5.8,6.5,8.2,7.7,8.1,56.8,32.9,71.3,35.8,27.1,7.6,17.7,33.3,11.1,64.0,7.6,7.6,1.0,25.8
Zuiderkerkbuurt,1637.0,21.1,19.4,41.5,5.4,66.8,49.8,30.6,566033.0,5.4,7.0,48900.0,3.6,6.5,7.6,7.9,7.3,7.6,57.3,34.0,69.8,37.8,29.2,7.8,18.5,25.1,12.6,63.0,10.4,4.9,0.3,28.5
Waterloopleinbuurt,849.0,20.5,23.3,47.3,4.9,64.9,40.0,33.4,484034.0,6.0,8.0,47000.0,3.1,6.2,6.5,8.1,7.2,7.0,57.0,33.4,70.3,37.2,29.1,8.1,18.5,27.6,10.2,64.0,9.4,7.4,0.9,27.3
Leidsegracht-Zuid,664.0,17.8,28.6,43.5,4.4,56.9,3.3,65.2,846167.0,3.2,3.0,76700.0,3.3,6.2,6.5,7.7,7.2,3.7,52.7,28.0,76.6,33.1,27.5,7.1,15.5,40.4,6.6,68.0,3.0,7.7,0.8,22.5
Geelvinckbuurt,301.0,6.0,42.5,43.5,2.7,52.5,0.0,87.4,661476.0,9.0,12.0,58500.0,3.3,6.2,6.5,7.7,7.2,3.1,62.9,23.7,74.0,29.6,35.4,11.3,20.2,24.1,10.0,68.0,18.0,6.0,1.7,21.3
Rembrandtplein e.o.,910.0,5.9,27.6,43.0,2.1,60.0,4.5,79.4,603854.0,9.8,3.0,51700.0,3.3,6.2,6.5,7.7,7.2,3.5,68.2,25.2,74.5,33.3,33.2,13.4,20.1,38.4,5.6,71.0,3.3,6.5,0.5,39.3
Spiegelbuurt,834.0,12.8,29.0,45.2,4.6,56.3,6.9,54.5,874036.0,3.9,3.0,72500.0,3.3,5.5,6.5,7.8,8.3,3.7,54.3,27.1,77.1,33.1,26.6,7.8,15.7,42.6,4.9,67.0,8.4,9.0,0.6,30.7
Vijzelstraatbuurt,1379.0,19.4,20.0,48.1,3.1,56.8,3.4,53.0,1055331.0,3.0,3.0,110900.0,3.3,6.5,7.2,8.5,7.7,4.4,50.1,28.7,77.0,33.0,25.0,6.4,15.0,36.9,5.3,68.0,5.8,6.3,0.6,20.9
Amstelveldbuurt,1532.0,16.3,20.3,48.2,3.6,58.0,8.6,50.4,901894.0,4.9,4.0,140500.0,2.6,6.5,6.5,8.7,8.5,4.4,49.5,29.6,76.8,33.3,24.4,6.4,14.9,39.5,6.4,67.0,3.9,9.1,0.7,23.3
Leidsebuurt-Noordwest,273.0,5.5,33.0,44.0,3.6,68.0,0.0,67.6,502949.0,10.9,12.0,46000.0,3.3,6.2,6.5,7.7,7.2,3.6,62.2,25.0,75.6,31.0,33.6,10.7,19.1,38.1,3.9,79.0,3.7,5.5,1.8,28.9
Leidsebuurt-Noordoost,1086.0,5.5,31.9,48.5,1.6,59.6,0.5,75.2,530960.0,13.7,3.0,47200.0,4.3,4.9,6.5,7.8,7.0,3.0,58.6,24.7,75.1,29.3,32.9,10.1,19.2,27.7,7.7,71.0,15.7,4.6,0.6,30.6
Weteringbuurt,2412.0,12.2,23.9,51.0,4.1,58.7,9.5,54.6,598478.0,11.6,5.0,78700.0,2.7,6.2,7.1,8.3,8.2,4.0,53.5,28.5,75.3,32.3,28.2,7.8,16.8,38.6,7.4,69.0,23.2,9.5,1.1,25.1
Utrechtsebuurt-Zuid,1203.0,18.0,22.0,47.5,6.1,61.2,14.7,48.8,658278.0,5.2,5.0,58600.0,3.2,6.5,6.9,8.9,8.3,6.1,53.1,31.4,73.9,35.0,26.1,7.1,16.1,37.3,7.6,66.0,6.7,7.6,0.6,23.6
Leidsebuurt-Zuidwest,150.0,12.0,28.0,51.3,3.0,65.3,20.9,64.5,506233.0,6.9,12.0,51882.0,3.3,6.2,6.5,7.7,7.2,5.2,60.0,28.0,71.1,35.9,34.1,10.3,19.8,28.8,11.3,66.0,13.3,6.7,3.3,38.7
Leidsebuurt-Zuidoost,318.0,13.5,24.2,47.2,4.4,65.2,14.7,56.4,612232.0,6.3,6.0,51400.0,3.3,6.2,6.5,7.7,7.2,5.2,56.4,29.3,72.3,35.8,29.0,8.2,18.2,36.6,6.6,67.0,6.3,11.3,1.2,30.2
Den Texbuurt,1083.0,17.5,18.8,47.2,3.6,54.1,17.7,39.6,801298.0,3.8,5.0,74800.0,2.6,6.5,6.5,8.6,7.7,5.3,52.0,29.8,75.3,34.0,25.5,7.3,15.8,41.6,7.7,65.0,5.5,10.0,1.2,25.9
Frederikspleinbuurt,953.0,15.5,21.9,48.5,2.4,61.6,18.9,39.2,756382.0,2.8,6.0,76900.0,2.8,7.2,6.7,8.8,8.6,4.7,52.3,30.6,75.8,34.0,25.7,7.4,15.6,42.6,7.5,66.0,6.3,8.7,0.5,25.7
Weesperbuurt,3142.0,19.9,22.6,49.8,3.3,65.3,28.3,42.6,562966.0,7.2,7.0,52000.0,3.0,6.6,6.6,8.3,8.1,6.2,55.3,31.3,72.0,33.2,28.8,8.1,18.2,31.0,9.8,64.0,7.0,6.2,0.7,24.8
Plantage,1825.0,18.1,21.9,49.0,4.0,59.0,19.4,35.9,670812.0,5.4,7.0,92700.0,2.2,6.4,6.9,8.6,7.6,4.7,51.4,30.4,75.8,32.9,24.7,6.6,15.2,38.8,5.6,64.0,11.5,9.6,0.9,20.6
Sarphatistrook,1938.0,11.2,23.1,50.9,4.3,60.1,41.7,31.4,562730.0,8.7,7.0,55700.0,2.8,6.0,6.9,8.3,7.9,5.4,55.7,29.6,72.9,33.4,29.3,8.7,18.5,31.4,11.0,65.0,10.3,9.1,1.3,24.6
Alexanderplein e.o.,393.0,9.4,19.3,48.6,4.6,59.3,16.2,39.3,548823.0,3.7,4.0,57200.0,3.3,7.3,6.5,8.4,7.7,3.0,51.5,27.8,76.5,32.0,26.2,6.8,15.8,39.5,8.6,74.0,10.2,12.5,1.3,21.9
Marine-Etablissement,87.0,17.2,9.2,42.5,17.9,46.2,34.7,32.6,475171.0,0.0,12.0,51882.0,3.3,6.2,6.5,7.7,7.2,3.2,48.0,33.0,76.1,44.7,19.1,4.8,12.5,26.5,11.3,64.0,11.5,17.2,1.2,28.7
Kattenburg,1688.0,22.9,16.5,54.4,6.5,57.6,69.8,7.0,433443.0,6.1,10.0,39800.0,2.5,6.7,6.5,7.9,6.6,11.5,56.5,35.7,64.6,40.6,30.6,8.2,21.2,17.4,12.7,56.0,15.4,10.1,0.7,29.1
Wittenburg,2597.0,15.6,13.4,43.7,6.7,70.0,60.9,9.2,426771.0,6.5,17.0,40700.0,4.9,6.4,7.5,7.4,6.9,10.1,59.1,36.7,65.4,41.9,30.2,9.1,21.5,23.3,13.4,62.0,28.5,8.2,0.8,43.2
Oostenburg,2013.0,12.8,16.6,48.9,7.4,61.8,62.1,14.3,422552.0,6.0,15.0,41900.0,4.4,6.5,7.1,8.0,7.3,10.5,58.2,30.3,70.5,35.2,32.2,9.8,21.2,26.5,13.0,68.0,15.9,9.2,1.2,40.8
Czaar Peterbuurt,2340.0,10.7,18.4,49.7,7.9,63.4,53.1,24.5,369592.0,12.4,15.0,40500.0,3.7,5.7,7.3,7.6,7.5,8.2,59.6,33.0,66.9,37.9,33.1,10.1,22.8,25.9,15.4,66.0,14.1,10.1,1.3,35.3
Het Funen,1277.0,10.9,15.7,49.3,6.8,42.4,28.6,11.2,596088.0,3.0,9.0,64000.0,3.3,6.2,6.8,7.9,7.9,6.4,51.5,30.7,74.4,37.2,24.6,7.0,16.9,38.7,6.6,68.0,10.2,18.7,0.9,28.4
Kadijken,2894.0,22.6,15.8,49.2,5.3,62.8,54.0,13.7,525908.0,5.0,9.0,47400.0,2.8,6.6,7.4,8.5,8.0,7.0,55.2,35.4,69.9,37.9,26.7,7.5,18.3,28.7,12.0,62.0,9.7,8.2,0.5,25.1
Kazernebuurt,926.0,24.2,14.1,52.2,5.8,64.9,69.6,6.9,509512.0,2.4,15.0,41200.0,2.9,6.7,6.4,8.3,7.7,9.8,57.4,36.9,66.2,38.9,30.5,8.5,20.6,22.7,14.8,58.0,15.1,5.9,0.8,29.3
Westhaven-Noord,24.0,20.8,16.8,41.7,0.0,52.9,0.0,83.3,475171.0,9.9,12.0,51882.0,3.3,6.2,6.5,7.7,7.2,4.7,55.9,26.2,73.4,45.7,28.6,7.5,16.4,26.5,11.3,64.0,18.0,13.0,1.2,38.1
Minervahaven-Noordoost,612.0,0.0,66.0,57.5,0.0,90.0,34.7,32.6,475171.0,9.9,12.0,51882.0,3.3,6.2,6.5,7.7,7.2,4.5,80.0,19.6,72.5,23.0,42.7,19.2,20.5,2.8,11.3,23.0,18.0,0.0,1.2,29.3
Isolatorbuurt,60.0,5.0,25.0,21.7,0.0,64.7,0.0,100.0,475171.0,20.0,56.0,51882.0,3.3,6.2,6.5,7.7,7.2,10.6,75.9,31.1,68.1,43.0,36.9,17.1,23.2,26.5,11.3,64.0,18.0,0.0,1.2,45.0
Contactbuurt,14.0,7.1,16.8,42.9,0.0,52.9,0.0,100.0,475171.0,9.9,12.0,51882.0,3.3,6.2,6.5,7.7,7.2,10.6,75.9,31.1,68.1,43.0,36.9,17.1,23.2,26.5,11.3,64.0,18.0,13.0,1.2,38.1
Woon- en Groengebied Sloterdijk,521.0,5.4,21.7,47.2,3.3,45.4,3.4,74.1,472712.0,2.2,4.0,60700.0,3.3,6.2,6.5,7.7,7.2,2.8,50.3,24.3,79.1,37.9,26.7,7.3,14.6,51.5,3.2,80.0,5.8,10.2,2.9,19.4
Spaarndammerbuurt-Noordwest,1902.0,10.5,14.9,50.9,10.5,54.9,80.0,9.8,421006.0,9.4,17.0,39300.0,3.9,6.5,6.6,8.3,7.7,12.4,60.3,35.5,63.2,46.3,33.9,10.2,22.7,20.7,16.9,64.0,24.7,12.8,1.1,40.8
Spaarndammerbuurt-Midden,1459.0,7.5,16.1,49.8,7.8,59.1,57.3,17.8,415909.0,11.5,16.0,37900.0,4.0,6.2,7.0,8.0,7.8,10.3,58.7,33.7,66.1,40.6,33.3,9.9,22.3,25.4,14.3,68.0,15.8,14.7,1.3,37.7
Spaarndammerbuurt-Zuidwest,1840.0,21.4,16.0,49.3,4.8,66.1,51.4,21.6,355187.0,10.3,14.0,41500.0,3.5,6.3,7.2,8.2,7.7,11.1,58.6,33.2,66.4,39.8,32.0,9.4,21.1,26.2,16.9,66.0,18.5,10.8,0.9,32.6
Spaarndammerbuurt-Noordoost,2644.0,14.2,14.2,49.8,9.7,63.6,67.1,11.8,382816.0,7.2,19.0,35300.0,3.9,6.4,6.5,7.8,7.5,12.7,61.4,37.3,61.7,43.8,34.3,10.3,23.9,18.8,19.1,59.0,19.3,11.0,1.0,41.1
Zeeheldenbuurt,1945.0,12.0,16.5,51.4,9.6,57.0,56.1,17.5,409015.0,10.4,16.0,41200.0,3.4,6.4,6.2,8.2,8.1,9.9,59.3,34.4,65.8,41.9,31.3,9.2,21.1,24.0,13.1,64.0,19.0,12.6,1.3,40.3
Spaarndammerbuurt-Zuidoost,1027.0,14.3,18.4,52.7,9.3,56.8,43.7,26.9,371828.0,12.9,13.0,40600.0,3.9,6.2,6.5,8.1,7.4,10.2,59.0,34.7,65.4,41.0,31.3,9.1,21.6,23.3,13.6,66.0,18.0,11.3,0.9,32.5
Houthavens-West,3730.0,7.9,16.9,49.2,4.3,39.1,8.6,32.5,755138.0,1.9,4.0,93900.0,2.8,6.6,6.3,8.2,7.8,3.5,47.2,25.9,79.9,38.2,21.8,6.2,12.9,58.4,3.5,76.0,4.6,22.7,2.0,22.8
Houthavens-Oost,652.0,21.9,18.1,46.9,4.4,55.7,27.6,17.3,630233.0,0.3,8.0,53300.0,3.3,7.3,6.5,8.0,7.8,6.1,53.1,33.5,73.9,39.5,23.5,6.3,15.1,35.0,10.0,63.0,7.7,7.1,1.2,20.9
Kolenkitbuurt-Noord,4532.0,6.5,8.1,49.7,11.0,38.1,69.4,15.5,365654.0,24.4,20.0,41400.0,3.0,5.2,5.7,6.1,5.8,15.3,65.3,34.1,58.8,50.8,40.2,13.6,29.2,17.7,16.4,58.0,29.8,20.7,1.7,73.3
Kolenkitbuurt-Zuid,2186.0,10.1,11.2,50.2,7.2,48.0,64.1,11.1,412754.0,15.6,16.0,42900.0,2.9,5.8,6.5,7.3,7.0,15.0,60.8,33.2,62.4,47.2,37.3,11.5,26.4,23.9,14.0,63.0,40.3,15.5,1.5,63.1
Laan van Spartaan,2739.0,5.5,14.7,51.6,5.7,59.8,33.0,48.0,368072.0,7.8,9.0,44900.0,2.4,5.2,5.5,6.7,6.6,9.1,60.9,26.7,69.9,38.1,35.3,12.2,23.2,28.0,8.9,62.0,10.6,16.2,1.8,51.0
Robert Scottbuurt-West,1985.0,13.0,16.2,52.6,4.3,70.9,49.2,30.4,271285.0,11.5,13.0,33600.0,3.8,5.1,6.4,7.1,6.8,11.8,63.8,31.8,63.5,41.9,38.9,12.3,26.1,16.3,14.0,64.0,19.1,7.8,0.6,49.7
Bosleeuw,5545.0,8.9,15.6,51.1,8.2,49.0,50.5,22.2,340185.0,18.1,16.0,40800.0,2.9,5.5,6.3,7.1,6.7,12.9,62.2,33.5,62.0,45.8,37.6,12.0,26.4,19.2,14.0,61.0,23.3,14.2,0.9,55.1
Gibraltarbuurt,4252.0,8.4,14.8,50.6,8.7,55.3,46.2,32.9,333628.0,16.0,17.0,36700.0,4.1,5.8,6.7,7.6,7.3,11.3,62.2,33.7,62.8,43.9,36.8,11.6,25.0,19.6,17.1,64.0,17.2,12.5,1.0,46.5
Bedrijventerrein Landlust,567.0,5.1,28.6,45.1,1.1,62.7,10.6,52.5,328270.0,9.7,5.0,46400.0,3.3,6.2,6.5,7.7,7.2,3.7,58.5,24.8,75.9,34.5,31.3,9.8,17.9,35.3,5.6,79.0,5.3,7.1,1.4,29.8
Landlust-Noord,2411.0,7.8,12.7,52.1,9.6,51.5,46.3,26.9,349861.0,20.0,16.0,39900.0,3.2,5.4,6.8,7.1,7.0,11.7,60.6,33.6,63.0,43.3,36.9,11.3,25.6,19.8,15.0,64.0,34.0,14.9,1.5,51.2
Erasmusparkbuurt-Oost,1872.0,8.4,17.8,51.2,9.8,44.0,24.7,37.6,459946.0,12.2,10.0,48200.0,3.5,6.7,6.5,8.0,7.2,8.9,55.5,31.5,69.2,38.8,32.7,9.4,21.0,30.5,10.1,67.0,21.4,16.2,0.9,38.8
Landlust-Zuid,4117.0,8.2,16.4,50.2,7.6,53.9,34.7,32.9,393624.0,12.4,14.0,44900.0,2.5,6.1,7.0,7.6,7.1,9.5,57.5,32.4,67.2,38.9,34.6,9.9,22.2,30.2,13.6,68.0,19.2,13.4,1.6,37.4
Robert Scottbuurt-Oost,1783.0,9.0,17.7,52.2,6.9,49.4,19.6,49.2,385409.0,14.4,11.0,44500.0,3.5,6.2,6.2,7.8,7.6,9.6,57.1,32.0,67.3,40.0,34.6,9.8,22.7,27.2,11.6,68.0,28.6,10.5,0.7,37.8
Erasmusparkbuurt-West,4031.0,7.7,20.4,53.7,6.0,51.2,10.6,41.8,365960.0,14.2,8.0,46200.0,3.9,6.2,6.9,7.5,7.2,7.4,55.4,28.9,71.4,38.2,32.8,9.0,20.1,31.9,7.5,73.0,11.9,11.1,1.7,32.9
Bedrijvencentrum Westerkwartier,65.0,6.2,6.2,46.2,12.5,43.8,0.0,83.3,475171.0,0.0,12.0,51882.0,3.3,6.2,6.5,7.7,7.2,4.4,47.9,30.2,73.6,41.8,24.0,5.6,15.7,26.5,11.3,64.0,18.0,23.1,1.2,12.3
GWL-terrein,1254.0,12.8,14.9,52.0,12.3,46.1,44.9,7.3,510702.0,5.4,11.0,52200.0,3.1,6.9,6.9,8.3,7.4,8.0,53.7,33.6,70.0,40.5,26.7,7.4,18.4,29.9,8.0,66.0,32.7,12.0,0.4,30.7
Markthallen,19.0,26.3,16.8,36.8,0.0,52.9,34.7,32.6,475171.0,9.9,12.0,51882.0,3.3,6.2,6.5,7.7,7.2,6.3,59.4,32.5,70.7,45.9,34.6,7.9,20.4,26.5,11.3,64.0,18.0,13.0,1.2,38.1
Marcanti,1047.0,15.6,16.9,51.0,5.4,60.5,46.4,25.2,431939.0,10.6,12.0,46800.0,2.5,5.8,5.7,8.0,7.7,10.6,57.8,34.0,66.1,40.8,32.6,8.9,21.7,29.5,13.0,66.0,16.2,10.4,0.8,37.9
Westerstaatsman,2777.0,5.4,22.7,50.7,7.0,63.0,35.2,30.1,375705.0,15.7,12.0,45300.0,3.8,6.2,6.8,8.1,7.9,6.5,58.5,30.7,69.6,36.4,33.2,10.0,20.8,32.1,12.7,71.0,13.3,9.7,0.9,31.9
Fannius Scholtenbuurt,3670.0,8.1,22.9,49.5,7.3,63.9,50.4,21.5,371068.0,11.7,14.0,43000.0,4.0,6.3,6.9,8.2,7.4,8.0,60.5,33.4,66.6,39.3,33.8,10.2,21.8,27.8,15.4,68.0,10.9,10.6,1.0,34.3
Staatsliedenbuurt-Noordoost,1202.0,26.6,15.4,51.3,7.9,61.9,74.3,6.9,372149.0,6.0,17.0,34800.0,2.4,6.0,6.9,8.1,6.7,15.5,62.4,40.4,59.1,45.8,33.2,9.8,23.8,19.2,19.8,57.0,29.1,8.0,0.7,41.0
De Wittenbuurt-Noord,1343.0,12.2,18.8,50.3,6.1,60.0,42.2,35.1,446775.0,8.9,11.0,45400.0,2.8,6.5,6.8,8.5,7.9,8.4,58.4,33.2,67.6,38.8,32.0,9.2,20.7,28.4,14.0,66.0,8.9,10.9,0.8,35.0
De Wittenbuurt-Zuid,825.0,22.5,16.4,49.6,8.0,69.7,69.0,9.6,401187.0,6.0,18.0,35200.0,3.2,6.1,6.5,7.8,7.2,11.6,61.3,39.7,61.0,42.8,32.6,9.7,22.6,17.5,19.9,56.0,18.2,7.5,0.6,35.6
Buyskade e.o.,3092.0,10.5,18.8,50.6,7.0,54.6,32.6,34.9,488908.0,8.3,10.0,49900.0,2.9,6.3,6.7,8.2,7.4,7.8,54.6,31.1,70.9,36.2,30.2,8.3,19.4,33.0,11.3,68.0,14.9,10.9,1.0,29.5
Frederik Hendrikbuurt-Noord,3858.0,11.8,21.6,52.2,5.8,57.9,30.7,41.7,420706.0,9.6,10.0,45000.0,3.3,5.9,6.7,8.3,7.8,7.6,56.7,31.4,69.9,36.3,31.8,8.9,19.9,30.1,12.9,69.0,13.7,9.4,1.2,29.2
Frederik Hendrikbuurt-Zuidwest,1206.0,25.6,16.1,50.4,6.5,60.5,41.0,24.5,513684.0,4.3,11.0,48900.0,3.7,6.3,6.7,8.3,7.4,9.4,56.1,35.6,68.1,40.9,28.7,7.8,19.6,30.6,11.1,65.0,14.9,7.1,0.7,28.3
Frederik Hendrikbuurt-Zuidoost,3243.0,10.8,20.5,46.2,4.1,67.1,39.4,32.7,400194.0,9.4,14.0,44000.0,3.7,6.1,6.3,8.1,7.8,6.8,59.8,32.0,68.6,37.1,34.8,10.3,22.3,32.2,14.9,68.0,20.7,8.1,1.0,34.0
Mercatorpark,2828.0,1.0,9.4,26.6,7.5,90.0,34.7,32.6,475171.0,9.9,69.0,51882.0,1.7,6.2,6.5,7.7,7.2,8.7,58.1,31.9,68.6,42.0,30.4,9.4,20.3,26.5,11.3,1.0,50.2,10.2,1.1,76.6
Orteliusbuurt-Noord,1331.0,12.4,14.0,51.6,6.8,57.1,48.1,23.6,358168.0,10.3,14.0,39100.0,3.8,5.7,6.7,7.5,7.2,11.2,59.9,34.7,64.6,41.6,34.6,10.3,23.7,23.6,14.1,64.0,24.0,9.9,0.8,42.3
Jan Maijenbuurt,2244.0,9.8,13.1,52.9,7.9,59.3,53.2,25.5,359422.0,13.3,19.0,36200.0,3.9,5.8,6.2,7.4,6.7,12.8,61.7,36.3,61.1,43.2,38.4,11.7,26.4,19.0,20.3,62.0,25.0,10.9,0.9,49.8
John Franklinbuurt,1920.0,9.7,15.8,50.9,8.1,57.2,43.9,38.9,372684.0,14.2,15.0,38000.0,4.4,6.3,6.9,7.8,6.9,10.3,58.9,34.1,65.0,40.8,35.6,10.3,23.8,18.6,15.6,66.0,17.7,11.1,1.4,37.9
Pieter van der Doesbuurt,1878.0,9.3,16.6,50.2,8.5,53.2,41.4,40.4,411664.0,14.3,15.0,43700.0,3.3,6.2,7.0,7.6,7.3,9.3,58.2,33.1,66.0,38.6,34.5,10.1,23.1,23.0,17.2,66.0,13.8,12.2,1.3,36.8
Trompbuurt,3108.0,9.2,19.1,52.9,5.3,48.9,17.1,52.0,465614.0,12.6,7.0,48400.0,2.8,6.2,6.5,8.1,7.9,6.5,52.4,28.7,72.5,34.3,30.2,8.0,18.9,30.8,10.7,72.0,11.3,13.4,1.4,25.0
Geuzenhofbuurt,1669.0,7.8,22.8,53.3,3.3,62.2,3.0,48.8,373632.0,10.8,4.0,47500.0,3.5,5.2,7.2,8.1,8.1,4.4,54.3,26.8,75.2,31.7,30.1,8.1,18.0,38.0,7.2,76.0,4.2,7.8,0.7,20.6
Orteliusbuurt-Midden,1914.0,8.7,17.7,50.8,7.4,55.7,33.4,37.0,380477.0,11.3,12.0,43200.0,3.9,6.7,6.7,7.7,7.3,8.6,57.0,31.9,67.7,39.1,33.1,9.6,22.4,28.8,13.2,68.0,19.3,11.4,1.5,34.6
Balboaplein e.o.,3027.0,7.9,14.6,52.0,6.5,54.6,32.5,46.9,369738.0,12.4,14.0,40600.0,4.1,5.4,6.8,7.0,6.5,10.6,58.7,32.4,65.1,40.5,35.8,10.7,24.6,22.2,14.7,66.0,22.5,11.7,1.0,43.3
Orteliusbuurt-Zuid,1886.0,13.2,19.6,52.7,5.1,58.7,22.1,51.9,370156.0,11.7,11.0,41300.0,3.4,5.5,6.4,8.0,7.6,8.2,57.0,30.3,69.8,37.4,32.4,9.5,21.4,27.3,12.6,70.0,13.8,8.9,1.1,32.9
Columbusplein e.o.,3478.0,10.0,13.3,49.1,8.1,56.5,55.4,29.6,373997.0,15.1,17.0,43100.0,3.6,5.4,7.0,7.5,7.1,11.9,60.8,35.2,62.3,43.0,36.6,11.3,26.4,19.0,17.2,64.0,19.0,12.8,1.2,47.1
Filips van Almondekwartier,1100.0,7.5,18.1,47.9,5.0,53.0,27.1,38.2,442691.0,8.8,11.0,47700.0,3.5,5.9,6.5,8.2,7.8,7.5,55.2,29.4,70.9,35.4,32.4,9.0,21.1,31.8,13.8,69.0,15.5,11.7,0.8,32.9
Kortenaerkwartier,2222.0,9.9,18.3,50.9,9.1,45.8,31.9,39.0,480183.0,10.0,12.0,46700.0,2.9,6.5,6.6,7.8,7.4,8.6,54.5,31.6,69.1,37.5,31.8,8.7,21.2,26.7,12.4,66.0,15.8,12.6,1.1,30.8
Van Brakelkwartier,1012.0,11.2,10.6,54.1,12.2,43.4,47.9,35.6,404347.0,20.0,16.0,41800.0,5.5,6.4,6.5,8.1,7.7,14.2,61.3,36.4,60.0,46.7,37.3,11.3,27.9,21.1,15.2,58.0,21.7,17.4,0.7,52.9
De Wester Quartier,1757.0,10.1,14.6,51.2,9.7,47.1,56.3,21.6,430875.0,15.2,14.0,43800.0,3.6,5.8,6.4,7.4,7.0,11.8,60.6,33.9,63.2,43.0,36.0,10.8,26.5,22.7,14.5,64.0,22.8,14.5,1.5,50.2
Bellamybuurt-Noord,2560.0,10.0,18.8,48.3,5.9,62.1,33.1,44.9,462025.0,9.2,16.0,46000.0,2.3,6.3,7.3,8.2,8.0,7.5,56.4,31.7,69.5,36.8,32.0,8.9,20.9,31.0,12.2,69.0,16.4,10.7,1.0,30.3
Bellamybuurt-Zuid,4076.0,8.0,21.6,50.3,6.2,59.7,37.7,39.6,416708.0,11.4,11.0,47500.0,3.6,5.6,7.5,7.7,7.6,6.4,56.8,30.5,70.6,35.8,32.5,9.2,20.8,32.7,10.9,71.0,11.0,11.3,1.1,31.6
Da Costabuurt-Noord,4723.0,13.0,23.1,50.6,5.9,57.3,22.1,47.3,495186.0,7.5,7.0,49800.0,3.0,5.8,7.2,8.1,7.5,6.3,55.2,30.7,72.0,35.4,30.0,8.3,19.2,33.3,9.9,70.0,8.9,9.3,0.8,24.8
Postjeskade e.o.,3024.0,10.5,17.5,53.3,7.2,49.7,18.1,56.6,433126.0,9.9,8.0,50400.0,3.3,6.3,7.1,8.2,7.9,7.2,53.3,30.3,71.3,36.8,30.1,8.2,19.5,32.8,8.2,72.0,8.3,11.5,1.4,25.7
Paramariboplein e.o.,3716.0,8.3,20.5,51.9,6.5,48.7,15.3,49.5,467571.0,9.5,7.0,50600.0,3.3,6.5,6.8,7.9,7.7,6.5,53.5,28.9,72.6,36.1,30.1,8.4,19.3,36.3,9.2,73.0,9.1,12.9,1.3,28.3
Lootsbuurt,1873.0,10.9,17.7,48.3,7.0,65.1,50.7,27.8,385120.0,9.5,17.0,41300.0,4.0,6.0,6.8,8.0,7.6,9.1,61.0,35.0,64.6,40.4,34.7,10.3,24.2,25.7,17.4,64.0,16.6,8.5,1.2,38.3
Borgerbuurt,2808.0,24.0,14.4,53.7,8.8,64.2,75.6,7.2,399738.0,8.0,19.0,34000.0,3.6,6.1,7.3,8.1,7.2,16.9,64.0,41.3,56.5,46.9,36.0,10.8,27.5,17.0,22.1,54.0,23.9,9.7,0.7,47.8
Da Costabuurt-Zuid,2222.0,8.7,25.2,49.5,3.6,67.1,21.8,46.6,423279.0,10.3,8.0,46800.0,3.2,5.5,7.3,7.9,7.7,5.6,57.8,29.3,71.7,34.3,32.6,9.3,20.6,33.9,11.4,70.0,8.1,7.4,0.5,27.6
Cremerbuurt-West,5637.0,8.5,24.2,51.5,5.1,57.9,18.5,50.9,471305.0,10.0,7.0,52900.0,3.4,5.9,6.9,8.3,8.2,5.3,55.3,29.4,72.7,34.9,30.7,8.4,19.0,36.9,9.4,73.0,8.2,9.9,1.3,24.7
Vondelparkbuurt-West,2189.0,13.9,20.8,52.5,4.7,54.2,23.9,38.1,596383.0,6.8,9.0,57500.0,2.3,6.7,6.7,8.3,7.8,5.2,52.2,29.3,74.6,34.5,27.5,7.2,16.7,38.3,9.2,70.0,5.0,10.0,1.2,22.9
Cremerbuurt-Oost,2289.0,7.2,22.0,50.4,5.1,57.6,16.3,48.6,493213.0,8.2,6.0,57900.0,2.1,6.3,7.2,8.3,8.0,4.5,52.5,28.0,75.0,33.1,28.7,7.6,17.6,37.5,9.9,73.0,7.0,10.9,1.5,21.9
WG-terrein,2638.0,18.8,17.3,50.1,5.5,62.0,53.8,21.5,544994.0,4.9,11.0,47600.0,2.6,6.6,7.4,8.3,7.6,7.7,55.5,34.5,69.2,37.5,29.7,8.0,19.7,30.3,15.5,64.0,10.2,9.7,0.6,28.4
Helmersbuurt-Oost,2560.0,9.9,23.2,52.2,4.8,50.1,3.4,59.2,634868.0,5.4,4.0,65200.0,3.5,5.8,7.1,8.1,8.1,3.8,51.2,27.2,76.7,32.3,28.4,7.2,16.8,41.7,5.1,72.0,6.6,11.1,1.2,22.4
Vondelparkbuurt-Midden,852.0,16.1,18.3,49.3,8.1,57.1,26.1,38.8,878776.0,5.1,7.0,90800.0,3.3,6.8,6.5,8.3,8.1,6.7,53.8,31.5,72.0,36.7,28.3,7.9,17.5,32.5,9.7,63.0,10.6,12.6,0.6,28.4
Vondelparkbuurt-Oost,944.0,15.5,24.6,46.5,4.8,51.6,7.7,48.6,1038041.0,3.8,4.0,115900.0,3.3,6.6,6.5,8.7,7.2,3.6,56.1,28.3,76.2,33.5,27.7,8.7,16.3,40.9,8.6,63.0,8.5,9.4,0.6,30.2
Sloterdijk De Heining,28.0,21.4,16.8,42.9,7.1,52.9,34.7,32.6,475171.0,9.9,12.0,51882.0,3.3,6.2,6.5,7.7,7.2,6.4,49.6,33.6,68.5,60.0,21.6,6.4,19.3,26.5,11.3,64.0,18.0,13.0,1.2,38.1
Sloterdijk Poort-Noord,20.0,5.0,16.8,25.0,0.0,52.9,34.7,32.6,475171.0,9.9,75.0,51882.0,3.3,6.2,6.5,7.7,7.2,6.1,69.3,27.9,64.3,43.6,41.3,14.7,26.1,1.8,11.3,64.0,18.0,13.0,1.2,38.1
Sloterdijk Poort-Zuid,110.0,2.7,23.6,21.8,1.1,82.0,0.0,96.6,475171.0,12.5,18.0,51882.0,3.3,6.2,6.5,7.7,7.2,8.7,58.1,31.9,68.6,42.0,30.4,9.4,20.3,26.5,11.3,64.0,18.0,9.1,1.2,53.7
Sloterdijk Donauhoek,15.0,0.0,16.8,40.0,0.0,52.9,34.7,32.6,475171.0,9.9,12.0,51882.0,3.3,6.2,6.5,7.7,7.2,6.0,77.2,22.9,73.7,47.4,34.5,21.3,20.7,26.5,11.3,64.0,18.0,13.0,1.2,38.1
Sloterdijk Stationskwartier,918.0,0.3,30.3,44.0,1.3,85.2,15.7,81.9,185199.0,55.0,10.0,25700.0,4.3,3.8,6.5,4.7,5.8,3.8,74.6,23.4,70.0,35.9,41.4,16.3,23.3,9.2,14.4,57.0,8.7,4.8,0.8,54.6
Osdorper Binnenpolder,28.0,32.1,16.8,39.3,0.0,52.9,9.1,27.3,475171.0,9.9,12.0,51882.0,3.3,6.2,6.5,7.7,7.2,12.2,52.2,31.4,73.4,48.0,19.2,5.5,13.5,26.5,11.3,64.0,18.0,13.0,1.2,38.1
De Eendracht,2430.0,18.1,8.6,50.5,10.0,29.7,44.1,4.2,408087.0,9.0,12.0,48500.0,2.5,6.7,5.9,7.2,6.4,10.3,57.7,34.4,65.9,54.8,27.0,8.8,20.8,18.1,5.4,61.0,18.0,18.4,1.7,54.7
Ruys de Beerenbrouckbuurt,6042.0,11.3,7.5,49.1,10.6,40.6,58.2,22.1,337169.0,21.6,19.0,38300.0,2.0,5.6,5.7,6.6,6.4,16.9,66.3,35.6,56.6,58.1,37.1,12.9,28.7,11.3,15.7,55.0,32.8,21.8,1.6,73.9
Eendrachtspark,282.0,5.7,9.6,41.5,3.7,59.9,42.9,7.8,254529.0,9.0,25.0,35100.0,3.3,6.2,6.5,7.7,7.2,7.3,63.2,32.7,65.6,52.9,32.1,11.8,23.3,16.9,20.4,57.0,39.0,12.1,1.8,61.3
Van Tijenbuurt,2853.0,12.8,11.1,47.9,7.8,35.9,48.8,5.2,386466.0,18.4,12.0,45700.0,2.2,6.8,6.4,7.1,6.2,13.4,62.3,32.2,62.9,55.0,31.7,10.5,23.9,16.4,10.8,61.0,24.9,23.2,1.7,65.5
Dudokbuurt,2897.0,7.6,11.7,50.9,12.5,46.7,69.7,8.8,284716.0,22.4,20.0,35700.0,3.3,5.3,6.0,6.4,6.3,14.2,67.6,34.0,58.9,54.7,38.4,13.8,28.6,13.0,17.2,59.0,40.7,23.0,1.1,73.6
Bakemabuurt,2918.0,8.6,10.5,50.3,12.5,39.1,52.6,23.6,320316.0,20.8,20.0,39800.0,3.3,5.7,6.1,6.4,6.4,14.2,67.6,34.0,58.9,54.7,38.4,13.8,28.6,13.0,17.2,59.0,40.4,20.6,2.0,73.5
Wegener Sleeswijkbuurt,1488.0,16.2,5.4,48.9,13.7,45.4,92.6,0.8,271920.0,22.1,20.0,35100.0,3.3,5.9,6.6,7.2,6.0,17.7,67.9,38.5,53.5,58.3,40.0,13.7,30.4,7.3,18.7,55.0,60.5,19.1,1.5,67.9
Jan de Louterbuurt,3402.0,13.8,19.5,48.7,8.4,45.3,42.6,20.0,298677.0,23.4,14.0,37500.0,3.7,6.3,6.3,6.9,6.0,14.0,65.2,34.2,61.6,52.5,35.1,12.0,25.0,14.0,13.6,57.0,25.9,16.6,1.1,57.1
Lodewijk van Deysselbuurt,3405.0,10.4,5.4,49.4,14.8,40.4,89.5,3.8,245640.0,32.3,25.0,34300.0,3.2,5.9,6.3,6.8,6.2,19.5,69.6,38.7,51.7,58.2,42.7,14.5,32.9,7.0,21.3,51.0,40.2,20.5,1.1,83.4
Confuciusbuurt,3824.0,11.1,8.1,49.3,11.0,49.4,76.7,7.6,281062.0,22.1,22.0,36900.0,2.6,6.1,5.2,6.7,5.7,17.4,66.7,36.0,56.7,53.6,39.4,13.2,29.3,11.0,19.8,54.0,30.6,20.4,1.0,69.5
Arondeusbuurt,2908.0,8.9,10.8,47.5,10.9,47.8,72.8,7.8,292117.0,26.7,22.0,35900.0,3.3,6.1,6.3,7.4,6.7,15.5,65.3,35.8,58.8,53.3,37.7,12.9,27.3,12.4,17.8,57.0,64.3,24.0,1.1,70.6
Coronelbuurt,1512.0,10.1,20.2,48.5,6.1,44.9,0.2,24.4,342119.0,14.2,7.0,45700.0,3.3,6.7,5.3,7.2,6.4,15.5,65.3,35.8,58.8,53.3,37.7,12.9,27.3,12.4,17.8,57.0,123.7,17.3,0.7,37.4
Meerwaldtbuurt,1984.0,14.5,6.6,48.2,8.2,52.8,89.3,3.5,258230.0,25.8,27.0,32100.0,3.3,5.9,5.8,6.4,5.8,15.5,65.3,35.8,58.8,53.3,37.7,12.9,27.3,12.4,17.8,57.0,94.3,16.8,1.5,70.7
Dobbebuurt,2838.0,9.5,9.5,48.9,10.8,49.2,68.8,8.3,265168.0,26.8,21.0,34900.0,2.9,5.9,6.2,6.6,6.0,15.3,68.1,36.8,55.6,55.0,40.5,13.9,29.8,11.1,18.2,56.0,32.4,17.7,1.2,72.2
Dichtersbuurt,1035.0,20.5,10.4,43.4,3.9,69.2,86.0,2.6,214349.0,23.0,25.0,27200.0,3.3,5.7,6.7,6.7,6.6,16.4,68.6,38.3,55.1,53.2,41.0,13.9,30.2,8.6,24.2,53.0,100.5,12.4,1.4,69.3
Louis Couperusbuurt,2340.0,10.0,11.1,47.7,8.4,60.9,82.9,4.1,229115.0,17.5,23.0,30200.0,3.3,5.4,5.9,6.5,6.3,16.4,68.6,38.3,55.1,53.2,41.0,13.9,30.2,8.6,24.2,53.0,44.4,17.4,1.4,65.0
Noordoever Sloterplas,3416.0,11.1,15.8,50.8,8.7,49.4,28.8,27.2,353072.0,12.8,10.0,43200.0,3.1,6.3,6.5,7.4,6.7,10.1,60.5,31.3,67.5,44.6,31.6,10.2,21.3,22.7,12.3,65.0,17.6,16.5,1.0,45.7
Osdorper Bovenpolder,764.0,22.5,10.6,47.6,7.8,36.4,4.6,28.5,670392.0,2.4,11.0,55700.0,3.3,6.2,6.5,7.7,7.2,7.2,49.0,32.6,71.7,50.4,20.9,5.9,16.4,22.8,10.0,58.0,26.2,12.2,0.7,18.5
Ookmeer,346.0,2.9,2.9,35.8,8.6,86.2,34.7,32.6,475171.0,50.0,12.0,51882.0,3.3,6.2,6.5,7.7,7.2,5.2,58.1,31.9,68.6,42.0,30.4,9.4,20.3,26.5,11.3,64.0,18.0,12.7,1.7,96.2
Bedrijvenpark Lutkemeer,71.0,15.5,1.4,45.1,7.9,60.5,0.0,21.7,475171.0,0.0,12.0,51882.0,3.3,6.2,6.5,7.7,7.2,5.4,49.9,28.9,74.5,45.5,22.5,6.0,15.8,26.5,11.3,64.0,18.0,23.9,1.2,26.8
Middelveldsche Akerpolder,3959.0,17.2,9.1,52.1,10.4,38.2,47.4,29.6,384608.0,16.7,13.0,44400.0,2.5,6.5,5.9,7.1,6.4,12.4,58.9,35.3,62.7,56.1,30.2,9.2,22.9,17.4,8.1,60.0,25.3,21.7,1.6,50.9
De Aker-West,4513.0,13.5,10.0,50.3,10.0,32.5,20.9,14.1,441345.0,3.4,9.0,56100.0,3.1,6.5,5.9,7.6,7.0,8.2,54.8,31.7,69.8,47.8,26.5,8.0,18.8,27.8,5.4,66.0,25.7,15.1,1.1,49.5
De Aker-Oost,5840.0,11.6,10.4,50.2,10.1,28.7,22.2,8.6,499084.0,5.0,9.0,61600.0,2.7,6.7,5.8,7.4,6.9,8.2,54.8,31.7,69.8,47.8,26.5,8.0,18.8,27.8,5.4,66.0,19.9,15.6,1.0,50.7
Bedrijvencentrum Osdorp,111.0,10.8,5.4,13.5,0.0,90.0,0.0,100.0,475171.0,5.7,84.0,51882.0,3.3,6.2,6.5,7.7,7.2,8.7,58.1,31.9,68.6,42.0,30.4,9.4,20.3,26.5,11.3,64.0,90.1,0.0,1.2,51.4
Dijkgraafpleinbuurt,6079.0,13.1,14.6,48.4,8.2,49.8,37.0,21.1,266104.0,17.5,14.0,37600.0,2.9,5.2,6.2,6.5,6.0,12.7,63.8,32.7,62.9,51.1,33.5,11.5,24.1,12.1,12.4,62.0,29.3,18.0,1.0,59.6
Reimerswaal,2694.0,19.5,5.4,53.3,12.0,50.8,90.8,1.2,251075.0,17.8,26.0,34300.0,2.5,5.7,5.7,6.6,5.9,21.6,69.7,39.9,51.6,57.8,41.3,13.8,32.8,7.5,20.3,51.0,23.0,18.6,1.4,75.6
Botteskerkbuurt,3478.0,10.9,11.7,50.8,13.2,44.0,66.4,12.8,286979.0,19.0,19.0,37600.0,2.7,5.8,6.6,6.5,5.9,16.7,67.3,36.5,56.5,54.2,39.3,13.8,30.1,13.9,17.6,56.0,28.8,23.3,1.4,70.0
Zuidwestkwadrant-Noord,3130.0,13.9,13.2,49.2,9.7,43.6,60.2,15.8,323548.0,15.9,18.0,37700.0,2.8,5.7,6.7,6.6,6.4,17.0,66.5,35.9,56.9,54.6,38.3,13.0,28.5,12.1,18.6,57.0,29.1,18.3,1.4,69.4
Zuidwestkwadrant-Zuid,6207.0,7.7,14.4,49.3,8.7,42.3,37.9,20.9,353409.0,10.3,13.0,45200.0,2.8,5.2,6.0,6.7,6.1,8.7,58.1,31.9,68.6,42.0,30.4,9.4,20.3,26.5,11.3,64.0,18.0,17.6,1.3,63.5
Wildeman,4876.0,18.6,9.5,51.1,12.9,53.8,85.6,4.9,220791.0,19.5,26.0,30300.0,2.9,5.8,6.2,6.3,4.5,23.1,69.5,41.5,50.9,57.2,40.2,13.6,32.3,6.4,22.6,48.0,33.4,18.7,1.2,67.7
Meer en Oever,3158.0,18.8,17.0,48.6,6.9,48.6,23.7,26.0,373198.0,4.0,10.0,45500.0,3.7,6.1,6.9,7.0,6.1,11.9,61.5,33.5,65.4,50.5,30.0,9.7,21.6,25.5,8.7,61.0,18.4,14.0,1.3,50.2
Osdorpplein e.o.,4116.0,10.7,13.8,50.5,8.0,50.4,30.4,50.8,296156.0,11.5,12.0,39900.0,3.3,5.1,6.2,6.6,5.6,12.3,63.7,31.9,63.8,47.9,36.4,11.6,25.2,17.5,10.5,64.0,27.0,16.7,1.2,61.2
Calandlaan/Lelylaan,1237.0,20.3,10.1,48.4,8.7,57.3,72.5,3.2,289479.0,8.3,23.0,37100.0,3.6,6.8,7.2,7.2,5.9,15.3,64.6,41.6,56.9,54.8,34.9,11.5,26.2,13.1,17.4,52.0,29.9,15.0,0.8,54.4
Osdorp-Zuidoost,4031.0,21.7,15.0,52.0,6.4,57.5,51.6,11.1,319432.0,9.9,11.0,38700.0,2.6,6.0,6.3,7.5,6.7,13.0,60.7,35.5,63.3,47.1,31.2,9.4,22.2,16.3,11.8,59.0,18.6,12.8,0.9,40.3
Oostoever Sloterplas,2434.0,24.2,13.0,51.3,7.9,39.0,30.5,6.4,468466.0,3.0,8.0,53200.0,2.5,7.1,5.9,8.1,7.3,10.9,52.6,34.7,69.4,45.6,23.6,6.3,16.6,28.8,8.4,63.0,18.5,12.9,0.7,34.7
Emanuel van Meterenbuurt,2263.0,17.9,16.9,49.3,10.0,43.6,25.6,38.3,386077.0,13.8,13.0,43300.0,4.2,6.8,6.5,7.7,7.0,11.8,59.9,34.9,64.9,47.7,31.2,9.9,22.6,20.4,15.2,60.0,17.2,19.7,1.3,39.7
Jacob Geelbuurt,3215.0,8.8,11.4,49.4,14.6,45.1,66.5,27.5,288791.0,26.1,19.0,33100.0,3.8,5.7,6.0,7.3,6.4,15.7,69.0,37.1,55.4,53.9,41.0,14.1,31.1,8.4,18.4,57.0,34.2,21.2,1.3,69.5
Lucas/Andreasziekenhuis e.o.,1147.0,0.3,44.6,51.4,0.3,90.0,0.0,100.0,298014.0,3.3,12.0,44100.0,3.3,4.9,5.1,6.0,6.6,2.2,68.5,19.9,75.4,25.3,38.1,16.8,20.1,32.5,1.9,38.0,18.0,1.7,0.4,36.9
Overtoomse Veld-Noord,6163.0,8.5,10.0,50.6,10.3,35.7,53.2,23.9,363912.0,17.4,18.0,45500.0,3.3,5.5,5.2,6.6,6.7,16.0,63.7,34.7,59.1,49.6,38.8,12.1,28.8,19.9,14.7,59.0,28.6,19.6,1.5,69.1
Rembrandtpark-Noord,948.0,7.5,28.6,53.4,4.7,57.9,0.0,99.7,391291.0,2.1,4.0,46500.0,2.4,6.2,6.5,7.7,7.2,4.0,55.1,24.5,73.8,29.4,33.3,9.0,18.9,22.4,6.9,61.0,4.2,7.0,1.4,21.4
Overtoomse Veld-Zuid,4440.0,7.6,13.9,52.5,5.8,53.3,36.3,45.2,321711.0,10.0,11.0,40600.0,4.1,5.5,6.1,6.8,6.6,10.2,60.6,29.7,66.2,41.9,35.8,11.1,25.6,21.2,8.2,68.0,18.9,15.2,1.5,54.1
Rembrandtpark-Zuid,851.0,8.7,26.0,48.4,2.6,51.8,0.0,48.7,432011.0,1.6,2.0,53400.0,3.3,5.5,6.5,7.6,6.1,4.4,55.9,25.6,76.0,35.1,27.7,8.7,17.3,43.7,3.4,78.0,5.9,10.5,1.1,28.8
Johan Jongkindbuurt,650.0,5.5,4.3,49.1,14.7,44.8,61.3,38.7,256986.0,36.7,29.0,33700.0,3.3,6.2,6.5,7.7,7.2,20.5,73.4,37.2,52.7,52.7,44.0,15.9,34.9,3.8,21.5,50.0,61.5,20.0,1.4,84.8
Louis Crispijnbuurt,3195.0,19.5,12.6,52.5,10.5,52.3,65.1,15.8,329694.0,15.9,16.0,36400.0,3.3,6.3,5.9,7.2,6.1,14.9,63.5,36.9,58.9,50.1,34.7,10.9,26.0,12.2,11.8,56.0,24.4,16.3,1.0,53.8
Jacques Veldmanbuurt,3568.0,12.1,18.2,51.8,7.7,56.1,62.2,16.6,295608.0,11.1,13.0,40100.0,2.7,5.3,6.8,7.0,6.8,8.7,58.1,31.9,68.6,42.0,30.4,9.4,20.3,26.5,11.3,64.0,18.0,15.2,1.3,51.2
Medisch Centrum Slotervaart,797.0,6.4,21.0,48.6,3.3,85.6,100.0,0.0,291801.0,21.3,12.0,23700.0,2.9,6.2,6.5,7.7,7.2,5.5,67.7,27.3,65.5,35.6,44.4,14.1,27.2,2.5,20.7,59.0,18.0,5.9,1.0,46.6
Staalmanbuurt,3268.0,11.0,10.3,51.5,13.7,41.4,71.9,9.3,404362.0,7.3,19.0,43400.0,2.4,5.8,5.2,7.3,6.7,16.5,63.3,35.5,59.0,52.0,37.7,11.5,29.4,18.6,14.5,59.0,25.4,21.7,1.3,65.6
Schipluidenbuurt,1366.0,0.7,33.7,50.6,0.2,80.7,0.0,94.8,243869.0,4.7,2.0,34900.0,2.5,4.5,5.6,6.4,6.4,1.9,65.0,22.1,75.1,26.7,37.1,13.8,21.2,28.6,4.3,65.0,2.9,2.3,0.5,36.9
Koningin Wilhelminaplein,2968.0,6.1,31.2,46.0,2.4,52.1,0.0,79.2,394591.0,1.9,2.0,52800.0,2.5,5.1,5.5,7.1,6.5,3.5,60.4,24.7,76.1,34.5,29.9,11.1,18.7,46.1,2.0,76.0,10.1,8.1,1.5,37.0
Andreasterrein,1250.0,10.4,21.4,50.2,7.8,36.3,29.3,25.4,672663.0,2.0,9.0,81900.0,2.3,5.4,6.5,7.4,7.2,9.5,55.4,31.3,69.7,42.9,28.8,8.9,20.7,41.0,8.1,66.0,15.2,18.8,1.2,41.7
Delflandpleinbuurt-West,4234.0,7.6,19.3,48.5,5.2,62.8,49.8,37.3,277533.0,15.7,11.0,37400.0,3.8,5.0,5.4,6.3,6.1,9.3,62.5,28.9,66.4,38.8,37.6,12.0,24.5,18.9,13.4,66.0,17.2,11.7,1.3,48.8
Delflandpleinbuurt-Oost,2073.0,6.5,14.9,51.4,6.5,75.5,64.7,25.7,250066.0,7.5,18.0,44600.0,3.4,5.7,5.8,7.0,6.7,10.7,68.1,28.8,66.1,36.0,38.5,14.4,25.9,16.0,16.2,46.0,22.2,10.9,0.9,59.0
Riekerhaven,581.0,0.0,8.1,36.1,2.3,89.2,99.6,0.4,475171.0,14.6,28.0,20300.0,5.5,6.2,6.5,7.7,7.2,6.2,71.5,23.1,66.4,35.2,46.2,17.1,29.5,1.6,20.9,61.0,18.0,3.1,0.9,68.0
Dorp Sloten,727.0,19.1,10.3,49.7,6.4,39.6,5.5,22.3,475370.0,9.0,6.0,60600.0,3.3,6.2,6.5,7.7,7.2,6.9,48.9,32.0,74.0,45.9,20.9,5.3,14.1,27.6,5.2,64.0,11.0,12.4,1.0,13.1
Nieuw-Sloten-Noordwest,3052.0,16.6,10.3,51.7,10.8,33.4,33.7,15.3,432609.0,4.7,10.0,54800.0,3.2,6.6,6.7,8.3,7.5,8.7,58.1,31.9,68.6,42.0,30.4,9.4,20.3,26.5,11.3,64.0,18.0,16.2,0.8,45.2
Nieuw-Sloten-Noordoost,3214.0,20.8,10.2,50.3,7.6,35.3,33.0,31.9,440210.0,7.0,9.0,51000.0,3.3,6.6,7.0,8.1,7.6,9.8,54.7,35.0,66.7,51.4,25.6,7.2,18.8,25.6,5.6,63.0,16.5,15.4,1.1,40.5
Nieuw-Sloten-Zuidwest,2252.0,12.5,12.1,50.3,7.6,22.1,0.0,5.7,482617.0,3.5,6.0,68900.0,2.9,6.8,6.8,8.0,7.5,8.7,58.1,31.9,68.6,42.0,30.4,9.4,20.3,26.5,11.3,64.0,18.0,14.4,0.7,32.9
BelgiÃƒÂ«plein e.o.,1127.0,30.3,16.9,52.8,6.1,49.8,38.7,19.2,356294.0,4.3,10.0,41600.0,4.1,6.4,7.1,7.7,7.2,14.9,61.5,37.9,62.8,50.9,28.0,8.9,21.1,21.0,11.1,59.0,17.7,7.2,1.1,42.5
Nieuw-Sloten-Zuidoost,2162.0,11.4,13.5,49.9,13.5,32.1,0.0,79.8,445630.0,6.5,9.0,51400.0,3.2,6.5,6.6,8.2,7.7,8.7,58.1,31.9,68.6,42.0,30.4,9.4,20.3,26.5,11.3,64.0,18.0,18.6,1.5,41.0
Sloterweg e.o.,306.0,19.3,9.5,52.9,9.4,29.9,0.0,20.9,989175.0,3.0,12.0,87600.0,3.3,6.2,6.5,7.7,7.2,5.9,49.0,29.5,76.1,43.8,19.4,5.6,14.0,36.0,3.4,63.0,9.8,21.2,1.6,34.0
Park Haagseweg,983.0,21.1,17.1,50.2,5.3,30.9,0.0,7.3,527734.0,0.9,5.0,70200.0,4.4,7.1,6.4,8.3,7.8,4.2,47.2,31.3,77.5,43.1,18.2,4.7,12.4,38.0,1.2,67.0,10.2,14.5,0.5,23.3
Riekerpolder,669.0,0.7,19.9,48.0,1.6,59.5,0.0,99.2,358472.0,2.3,3.0,51882.0,3.3,6.2,6.5,7.7,7.2,2.7,57.5,22.0,78.0,39.5,29.7,10.0,17.5,37.5,1.0,80.0,3.0,5.5,1.2,42.0
Nieuwe Meer,178.0,7.9,15.7,43.3,8.9,63.3,0.0,40.0,475171.0,0.0,14.0,51882.0,3.3,6.2,6.5,7.7,7.2,5.9,57.3,34.6,67.0,49.1,28.8,8.1,19.9,12.1,11.3,60.0,16.9,12.4,1.2,16.3
Westlandgrachtbuurt,3615.0,10.3,18.2,53.2,6.4,52.4,15.4,51.4,454409.0,10.4,7.0,55300.0,2.8,6.2,5.9,8.1,7.8,6.5,53.1,29.6,72.9,36.6,28.3,8.0,18.2,38.6,8.1,73.0,8.3,12.4,1.5,24.2
Surinamepleinbuurt,1563.0,13.0,17.6,55.2,6.6,55.2,10.6,52.1,520466.0,6.0,4.0,56900.0,3.4,5.9,6.2,7.9,7.4,5.4,50.8,29.3,74.5,34.9,27.4,7.1,16.8,35.9,6.3,73.0,10.2,13.8,1.1,20.0
Legmeerpleinbuurt,1683.0,11.2,19.0,54.1,7.0,53.9,6.9,61.7,502840.0,9.3,7.0,53500.0,3.1,6.2,6.1,8.2,7.7,6.1,53.1,30.5,72.7,36.3,27.8,7.7,17.4,37.0,7.9,70.0,5.3,13.2,1.2,21.3
Aalsmeerwegbuurt-West,2546.0,7.8,18.3,54.4,5.2,52.2,8.4,49.6,427233.0,9.8,6.0,56300.0,3.4,6.2,6.5,8.5,8.1,5.4,52.3,28.2,74.3,35.1,28.6,8.0,17.9,39.8,8.0,75.0,5.9,11.1,1.6,23.6
Aalsmeerwegbuurt-Oost,2169.0,10.3,18.3,51.7,7.2,52.0,16.4,46.1,462661.0,8.3,8.0,52800.0,3.4,6.7,6.2,8.4,7.7,6.3,53.2,30.0,72.6,36.6,28.4,7.9,18.1,37.7,9.4,72.0,8.8,9.8,1.7,23.9
Bedrijventerrein Schinkel,269.0,7.8,34.6,50.9,1.0,84.3,0.0,85.7,475171.0,33.3,12.0,51300.0,3.3,6.2,6.5,7.7,7.2,3.8,68.0,23.1,74.9,31.9,34.1,13.3,17.0,24.6,11.3,44.0,7.4,1.9,1.2,29.3
Schinkelbuurt-Noord,2458.0,8.7,22.3,52.2,5.1,57.5,21.5,47.9,471838.0,9.0,8.0,50300.0,3.4,6.0,6.5,8.1,8.0,5.1,55.4,28.9,72.7,34.9,31.2,8.5,18.7,34.5,8.0,72.0,10.2,8.1,1.0,24.4
Schinkelbuurt-Zuid,1524.0,15.5,17.5,53.8,8.2,64.0,48.8,36.4,437071.0,6.2,13.0,40000.0,3.4,6.3,6.5,7.9,7.2,10.3,59.1,35.2,65.4,41.0,32.9,9.5,22.3,25.2,14.3,64.0,16.4,9.1,1.0,33.7
Willemsparkbuurt-Noord,1539.0,13.2,23.8,50.9,5.8,42.0,5.6,51.2,1328649.0,1.5,2.0,162800.0,1.8,5.5,6.7,8.2,7.6,4.2,48.2,27.4,77.7,34.9,24.1,6.6,14.1,46.2,6.1,65.0,7.8,13.3,0.8,22.8
Valeriusbuurt-West,2597.0,14.3,22.8,51.6,7.1,41.5,16.8,40.4,836676.0,3.5,4.0,93200.0,1.7,6.6,6.9,8.2,8.2,5.5,50.7,29.2,75.7,37.2,23.9,6.9,15.2,45.5,6.1,66.0,8.9,17.7,1.0,27.1
Valeriusbuurt-Oost,1422.0,13.2,26.8,49.0,7.6,38.7,1.0,44.6,1221101.0,1.4,2.0,171400.0,2.1,6.3,7.0,8.4,8.2,3.8,48.4,27.7,78.8,35.1,20.9,6.0,12.6,50.7,5.4,63.0,6.3,20.2,0.8,24.6
Cornelis Schuytbuurt,2909.0,15.1,23.8,51.3,5.7,44.2,2.5,47.1,1300270.0,1.0,2.0,142700.0,1.5,6.3,7.3,8.4,8.5,4.0,47.8,27.8,78.7,33.6,21.5,6.1,13.0,48.2,4.9,63.0,6.9,16.7,1.1,24.8
Concertgebouwbuurt,1939.0,15.6,22.0,49.2,6.6,49.1,6.3,43.6,1205919.0,1.8,2.0,122800.0,1.6,5.8,7.3,7.9,8.2,4.3,50.1,28.2,77.7,33.7,22.7,6.5,14.0,46.8,5.9,63.0,8.8,16.4,0.6,25.7
P.C. Hooftbuurt,769.0,16.9,30.0,49.5,4.4,51.3,0.6,72.3,1099700.0,3.8,4.0,131200.0,3.5,6.6,6.5,8.3,8.2,4.5,53.0,29.2,75.6,35.5,25.0,7.5,15.3,45.9,6.0,67.0,5.2,10.0,0.7,25.7
Banpleinbuurt,781.0,26.2,19.6,52.6,5.9,40.1,1.7,46.0,1629266.0,1.0,3.0,122500.0,3.3,6.2,6.5,7.7,7.2,4.6,43.8,30.9,78.0,35.0,18.8,4.6,11.9,43.0,6.1,58.0,18.0,13.4,0.6,18.7
Hondecoeterbuurt,2016.0,18.1,22.9,51.6,5.9,48.7,4.6,59.7,909932.0,2.7,3.0,98200.0,2.2,6.2,8.0,8.3,8.1,5.4,50.5,29.6,75.9,34.6,23.4,6.5,14.6,41.4,6.6,67.0,5.0,14.0,1.2,23.3
Johannes Vermeerbuurt,1492.0,17.7,26.9,50.4,5.7,45.4,3.1,50.8,1073324.0,1.8,3.0,102000.0,1.9,6.6,7.8,8.6,8.4,8.7,58.1,31.9,68.6,42.0,30.4,9.4,20.3,26.5,11.3,64.0,18.0,13.6,0.7,23.0
Duivelseiland,1358.0,8.5,25.0,52.4,5.0,57.7,10.9,59.9,539705.0,5.4,6.0,63100.0,1.8,5.9,7.6,8.0,8.0,4.6,55.3,28.8,73.7,33.3,29.5,8.6,17.5,42.1,8.0,73.0,8.8,9.4,0.8,25.1
Harmoniehofbuurt,1350.0,48.7,11.6,53.7,3.8,63.6,0.0,99.7,667591.0,2.1,5.0,43000.0,4.7,7.0,8.1,8.5,8.3,10.4,51.5,40.5,67.6,43.2,21.7,5.1,15.2,26.1,5.4,58.0,4.4,7.5,0.4,15.3
Frans Halsbuurt,2599.0,9.5,25.8,50.1,4.5,64.0,22.9,51.5,493267.0,9.9,7.0,53700.0,2.8,6.3,6.5,7.9,8.1,5.1,57.9,29.7,72.0,33.6,31.4,9.2,19.2,34.7,9.8,70.0,10.4,7.9,0.8,27.4
Gerard Doubuurt,1955.0,11.7,21.4,48.0,5.9,64.9,37.7,40.6,475168.0,7.3,11.0,49400.0,2.6,5.6,6.5,8.0,8.2,7.5,60.3,32.2,68.2,36.4,33.6,10.2,21.5,28.1,13.6,65.0,11.8,7.3,0.4,36.0
Hercules Seghersbuurt,2526.0,10.3,22.2,51.5,5.5,65.9,36.4,47.6,415784.0,10.3,12.0,40900.0,3.3,5.4,6.8,8.2,6.9,7.6,60.1,31.9,68.0,36.1,34.3,10.4,21.8,26.3,13.7,67.0,18.6,7.6,0.8,33.2
Sarphatiparkbuurt,4992.0,10.0,23.0,50.5,4.3,63.5,19.8,57.8,448288.0,7.6,7.0,45300.0,3.8,5.8,6.8,8.3,7.5,5.7,57.1,29.4,71.6,32.9,32.2,9.2,19.4,29.2,10.8,70.0,14.4,6.5,0.6,28.8
Hemonybuurt,2570.0,8.7,22.5,48.9,4.4,58.4,20.6,49.7,551915.0,6.7,7.0,55800.0,2.4,5.9,6.9,8.0,8.0,4.7,54.9,28.6,74.0,33.3,29.0,8.4,17.6,37.3,8.5,71.0,10.5,9.6,0.9,26.8
Cornelis Troostbuurt,3515.0,11.9,21.8,52.7,4.9,58.1,21.6,49.5,447938.0,9.2,7.0,47700.0,3.2,5.5,6.7,7.8,7.5,7.6,56.7,30.3,70.9,35.0,30.5,8.9,19.3,33.9,10.1,70.0,8.8,8.8,1.1,28.0
Lizzy Ansinghbuurt,2355.0,15.9,20.8,51.8,6.1,62.6,36.8,40.2,438746.0,10.2,12.0,46400.0,3.2,5.5,7.6,7.4,7.6,8.8,58.4,32.9,67.3,37.7,32.0,9.4,21.4,29.8,12.2,65.0,12.3,8.2,0.8,35.4
Van der Helstpleinbuurt,3961.0,9.3,22.8,51.1,5.5,60.2,27.8,47.2,453210.0,7.8,9.0,50400.0,3.1,6.1,7.2,8.4,7.8,6.4,56.6,30.4,71.2,34.4,31.0,9.2,19.4,33.4,10.7,70.0,11.4,9.1,0.9,29.0
Willibrordusbuurt,2616.0,16.3,18.6,54.0,5.1,66.0,35.6,43.6,429142.0,7.0,11.0,42600.0,3.4,6.0,7.5,8.1,7.9,10.6,58.9,34.3,66.1,37.2,32.7,9.5,21.4,25.8,16.2,66.0,10.7,6.8,1.1,33.3
BurgemeesterTellegenbuurt-West,2170.0,19.0,14.9,52.8,10.4,61.6,78.0,9.7,417154.0,9.5,18.0,34800.0,5.1,6.3,7.0,7.9,7.4,13.3,61.5,39.0,60.1,44.3,34.3,10.2,24.6,17.6,17.7,59.0,18.0,11.8,0.9,39.9
Burgemeester Tellegenbuurt-Oost,2703.0,16.4,13.8,52.9,10.2,57.4,65.1,22.0,417778.0,9.8,17.0,38200.0,3.4,6.1,7.2,7.8,7.4,12.2,60.1,38.0,61.3,42.6,34.5,10.1,24.3,20.4,18.9,60.0,16.6,9.9,0.6,41.1
Diamantbuurt,3035.0,17.1,13.9,51.6,10.6,57.9,65.4,19.3,433183.0,11.7,18.0,37500.0,3.1,6.4,6.6,7.5,6.9,13.7,62.0,38.3,59.8,43.7,35.0,10.7,25.5,16.9,20.4,57.0,21.7,12.0,1.1,43.9
Bertelmanpleinbuurt,1063.0,20.6,11.6,52.1,10.2,61.3,90.9,3.7,424951.0,8.9,17.0,35700.0,3.8,6.6,6.5,7.7,7.6,13.7,60.4,40.0,59.2,45.9,34.6,9.7,25.0,18.2,17.9,58.0,16.9,9.4,0.7,40.6
Olympisch Stadion e.o.,2329.0,15.8,24.9,52.8,10.2,43.3,26.1,65.9,627736.0,2.2,6.0,76900.0,1.9,5.8,7.0,8.0,7.7,8.9,56.8,32.5,69.8,41.7,27.1,8.4,18.2,44.1,7.1,65.0,9.0,18.4,1.3,33.4
Marathonbuurt-West,2356.0,17.5,13.8,52.8,10.8,65.7,76.4,9.3,366559.0,10.7,21.0,34100.0,2.8,5.9,6.6,7.7,7.7,14.0,63.7,40.3,58.3,46.9,36.0,10.9,25.6,19.1,20.8,56.0,27.2,9.4,0.8,41.9
Marathonbuurt-Oost,1459.0,19.4,13.5,52.6,12.0,59.0,78.3,10.3,463211.0,9.6,16.0,39700.0,3.8,5.6,7.3,8.4,7.9,12.5,59.4,38.6,62.0,44.4,32.0,9.5,22.5,22.0,16.5,59.0,34.3,10.7,0.5,34.0
Van Tuyllbuurt,4173.0,12.1,19.0,53.5,7.5,51.4,16.8,57.2,492306.0,7.1,6.0,55900.0,2.5,6.3,6.7,8.0,8.2,6.8,52.8,30.2,72.7,38.3,28.0,7.6,17.4,38.1,8.1,72.0,7.9,13.0,1.5,24.7
IJsbaanpad e.o.,398.0,13.1,12.3,50.3,11.7,33.9,34.7,32.6,475171.0,0.0,4.0,65600.0,3.3,6.2,6.5,7.7,7.2,3.8,44.9,29.8,77.5,42.1,18.7,4.2,11.9,35.9,1.9,71.0,7.5,20.1,1.2,11.1
Hiltonbuurt,85.0,11.8,14.1,50.6,13.3,23.3,0.0,39.4,475171.0,0.0,12.0,51882.0,3.3,6.2,6.5,7.7,7.2,3.2,41.3,24.2,82.2,35.3,18.9,5.0,9.4,26.5,11.3,64.0,0.0,25.9,1.2,16.5
Minervabuurt-Noord,1412.0,17.3,22.5,50.4,7.3,35.4,0.0,42.2,1216757.0,0.7,2.0,118300.0,3.3,6.3,6.6,8.6,7.9,4.6,46.4,28.6,78.7,34.9,19.9,5.4,12.1,50.3,3.6,61.0,5.7,20.5,0.5,24.2
Minervabuurt-Midden,2432.0,17.9,25.7,53.4,8.1,37.5,0.0,45.5,1050236.0,1.1,3.0,112500.0,1.3,6.6,7.0,8.7,8.1,4.4,47.5,28.7,78.3,33.5,20.9,5.8,12.5,49.6,5.6,64.0,5.8,19.4,1.3,24.0
Minervabuurt-Zuid,2606.0,18.6,23.3,52.0,6.2,42.0,0.0,54.0,862122.0,1.5,3.0,85500.0,2.4,6.7,7.4,8.4,8.2,4.9,48.5,29.6,77.0,35.3,21.6,5.8,13.3,48.6,4.5,68.0,7.3,17.8,0.8,24.7
Beethovenbuurt,1278.0,17.7,19.3,52.2,6.3,39.0,11.1,39.6,1359887.0,0.4,3.0,123000.0,3.3,6.3,7.2,8.3,7.5,7.1,48.7,29.1,77.5,34.1,21.7,6.3,13.0,46.9,8.7,62.0,7.8,19.2,0.7,24.0
Diepenbrockbuurt,799.0,16.8,22.0,50.7,5.3,32.1,0.0,32.2,2221653.0,0.7,2.0,234500.0,3.3,6.2,6.5,7.7,7.2,4.2,41.6,27.9,80.4,32.7,17.7,4.5,10.5,48.8,5.8,63.0,6.3,21.8,0.6,17.8
Wielingenbuurt,2915.0,14.9,19.8,53.9,6.9,44.6,11.8,56.2,657849.0,3.8,4.0,67900.0,2.8,6.6,7.2,8.1,8.3,5.4,48.0,29.2,76.0,33.6,24.7,6.2,15.2,41.6,5.2,72.0,5.1,13.4,1.3,18.4
Scheldebuurt-West,4264.0,15.0,18.0,53.2,7.2,47.9,18.3,53.4,578737.0,5.3,5.0,58200.0,2.9,6.6,6.5,8.3,7.7,7.1,50.9,30.0,73.3,34.8,26.8,6.8,16.6,36.9,7.4,71.0,20.4,13.4,1.3,22.2
Scheldebuurt-Midden,3151.0,14.6,17.7,54.3,6.3,44.6,10.1,54.1,606592.0,3.9,5.0,62500.0,3.2,6.4,6.6,8.3,7.9,6.0,48.7,29.1,75.2,33.5,25.0,6.2,15.5,41.4,4.9,72.0,7.9,14.4,1.3,20.1
Scheldebuurt-Oost,2338.0,12.0,17.9,54.6,8.0,46.2,13.3,54.1,548132.0,6.6,5.0,57000.0,4.0,6.1,7.3,8.4,7.9,5.4,49.6,28.6,75.1,32.7,26.9,6.8,16.3,37.4,5.5,73.0,4.7,12.7,1.3,21.4
Veluwebuurt,1519.0,25.1,11.7,50.3,5.6,63.9,37.9,52.9,438136.0,7.9,14.0,41100.0,3.2,6.7,6.6,8.3,7.6,11.1,56.2,35.9,66.8,39.7,29.6,8.0,20.3,29.1,13.6,64.0,11.8,11.8,1.3,26.4
Kop Zuidas,722.0,11.1,27.1,51.0,2.8,44.4,4.2,71.8,566438.0,1.3,2.0,85000.0,3.7,6.2,6.5,7.7,7.2,2.9,52.6,24.6,79.3,33.8,26.0,7.7,15.2,64.2,2.8,77.0,2.8,13.7,1.0,26.2
IJselbuurt-West,2377.0,15.3,15.0,52.0,6.9,61.4,42.3,41.6,422805.0,7.6,13.0,40800.0,2.8,5.8,6.6,7.7,7.6,9.7,56.2,34.7,66.5,37.8,31.6,8.8,21.0,28.0,14.6,65.0,14.7,8.7,1.3,28.0
IJselbuurt-Oost,2920.0,12.7,15.5,52.9,8.3,51.7,44.2,39.0,449647.0,8.6,9.0,45000.0,3.1,6.2,6.7,7.8,7.1,8.2,53.9,31.7,69.3,36.7,30.7,8.2,20.0,26.9,10.8,68.0,15.4,10.6,1.4,30.6
Kromme Mijdrechtbuurt,2502.0,15.1,15.1,53.2,7.6,60.0,48.8,34.4,419124.0,6.8,15.0,42700.0,2.6,6.2,7.4,8.1,7.6,9.7,56.5,34.4,66.7,37.6,32.3,9.1,21.4,26.4,15.5,65.0,11.6,9.2,1.1,29.3
Rijnbuurt-West,1663.0,21.6,12.7,51.1,10.9,67.1,83.6,5.7,391416.0,8.8,25.0,33300.0,4.3,6.2,7.0,7.9,8.3,16.5,65.1,42.6,55.3,47.2,36.1,11.4,27.1,15.9,22.9,53.0,23.5,11.4,0.8,41.4
Rijnbuurt-Midden,2187.0,13.1,15.1,54.1,5.4,53.6,12.5,66.5,457663.0,8.5,8.0,49900.0,2.3,5.9,6.8,8.2,8.0,6.8,51.3,30.3,72.3,34.3,28.7,7.2,18.3,33.8,9.0,72.0,6.4,10.4,1.2,20.7
Rijnbuurt-Oost,2729.0,12.1,14.5,53.6,5.8,53.0,18.0,52.4,440651.0,8.6,7.0,49800.0,3.3,6.4,6.9,8.3,8.1,7.0,51.4,30.1,72.3,33.9,28.8,7.3,18.3,34.0,8.4,72.0,6.6,9.8,1.1,22.0
Zorgvlied,45.0,20.0,16.8,42.2,9.5,52.9,0.0,20.0,475171.0,9.9,12.0,51882.0,3.3,6.2,6.5,7.7,7.2,5.6,46.8,30.6,80.1,38.1,16.8,4.2,10.2,26.5,11.3,64.0,0.0,13.0,1.2,38.1
Prinses Irenebuurt,1397.0,22.7,24.6,52.4,4.1,44.1,0.0,29.2,948436.0,1.3,2.0,97800.0,3.3,6.9,6.6,8.4,7.7,5.1,48.2,30.1,77.5,35.2,19.7,5.6,12.6,47.9,2.9,63.0,8.6,19.0,0.5,25.0
Zuidas-Noord,503.0,4.0,18.7,44.3,2.3,58.8,0.0,71.8,709029.0,0.6,3.0,73800.0,3.3,6.2,6.5,7.7,7.2,2.4,58.5,23.6,79.1,33.8,27.0,11.1,14.8,55.9,0.8,71.0,2.0,12.3,2.8,43.9
VU-kwartier,150.0,4.0,18.0,40.0,0.0,71.9,5.4,35.1,475171.0,3.0,12.0,51882.0,3.3,6.2,6.5,7.7,7.2,3.9,74.3,25.1,74.8,36.7,31.5,15.6,16.8,55.0,11.3,61.0,6.7,14.0,1.2,58.7
Zuidas-Zuid,2602.0,4.7,24.4,45.2,5.2,52.9,6.7,68.9,684643.0,2.9,2.0,96500.0,2.0,5.2,6.3,8.4,7.9,3.0,60.5,24.8,76.6,37.9,28.3,10.5,16.3,57.3,2.8,72.0,11.5,12.1,1.3,44.4
Vivaldi,1024.0,0.7,26.5,51.2,0.4,90.0,0.0,93.2,178819.0,90.0,2.0,41200.0,3.3,5.4,6.5,7.5,7.9,1.7,67.3,23.7,73.3,29.2,37.4,12.9,20.3,17.7,4.8,59.0,5.9,3.7,1.3,39.1
Amsterdamse Bos,66.0,24.2,9.1,45.5,3.0,42.4,0.0,54.5,475171.0,0.0,12.0,51882.0,3.3,6.2,6.5,7.7,7.2,4.4,51.3,32.4,74.3,48.0,20.6,5.8,14.0,26.5,11.3,64.0,0.0,22.7,1.2,22.7
Zuiderhof,16.0,0.0,16.8,18.8,0.0,52.9,34.7,32.6,475171.0,9.9,12.0,51882.0,3.3,6.2,6.5,7.7,7.2,2.8,80.6,19.8,76.0,32.3,37.5,16.2,18.1,26.5,11.3,64.0,18.0,13.0,1.2,38.1
Buitenveldert-West-Midden,994.0,30.7,22.8,51.6,5.6,48.1,19.0,31.0,815318.0,2.9,5.0,92900.0,3.3,6.8,6.4,8.2,7.3,10.3,53.9,34.1,70.2,42.5,22.0,6.2,15.0,35.4,5.0,62.0,17.1,13.3,0.5,27.6
Gelderlandpleinbuurt,4718.0,23.1,22.6,53.6,5.8,55.6,28.3,39.6,417508.0,5.7,8.0,52900.0,2.7,5.8,7.1,7.8,7.8,11.2,60.8,33.6,67.3,41.6,28.7,9.1,19.3,30.9,7.8,62.0,15.5,10.8,1.2,38.5
Buitenveldert-Zuidwest,4103.0,28.4,20.9,53.0,4.3,57.6,28.1,33.8,497581.0,1.7,7.0,53200.0,2.9,6.4,6.9,8.3,7.5,12.2,57.9,35.1,67.5,44.1,25.0,7.5,17.2,32.6,11.0,61.0,12.9,14.2,1.1,31.6
Buitenveldert-Zuid-Midden,3836.0,12.9,21.9,52.6,7.0,52.0,17.9,40.9,428213.0,8.6,6.0,52200.0,2.9,5.9,6.6,8.1,7.6,7.3,60.1,30.0,70.8,40.4,29.0,9.4,18.7,32.1,6.2,67.0,12.5,14.9,1.1,39.8
De Klenckebuurt,783.0,35.2,16.7,52.6,5.0,52.9,8.6,58.4,522084.0,1.8,9.0,55600.0,3.3,6.0,7.4,8.2,7.5,8.6,57.6,33.1,70.9,42.2,24.4,7.9,16.3,43.0,3.7,65.0,18.0,11.4,1.0,35.0
Buitenveldert-Oost-Midden,3259.0,26.5,15.2,52.6,9.3,54.0,46.3,30.9,379185.0,5.7,14.0,44000.0,3.5,6.3,6.9,7.5,7.0,14.3,63.2,37.5,62.5,46.4,30.4,9.9,22.0,25.7,13.0,58.0,12.9,12.8,1.2,44.1
Buitenveldert-Zuidoost,4009.0,23.0,21.9,52.1,4.7,59.4,15.2,44.8,448945.0,4.5,7.0,52100.0,2.7,5.5,6.5,7.5,7.5,7.8,61.0,30.6,70.8,38.9,28.2,9.5,18.4,31.7,7.9,63.0,10.2,12.0,1.0,38.6
Amstelpark,11.0,27.3,16.8,54.5,0.0,52.9,0.0,33.3,475171.0,9.9,12.0,51882.0,3.3,6.2,6.5,7.7,7.2,4.8,59.4,28.5,71.1,46.4,25.9,10.2,18.3,26.5,11.3,64.0,18.0,13.0,1.2,38.1
Java-eiland,2969.0,16.4,14.1,49.6,8.4,45.9,19.6,49.0,587585.0,1.8,5.0,60800.0,2.6,6.6,6.2,8.4,7.8,5.3,53.2,32.0,73.9,40.9,24.2,6.8,15.2,41.4,4.5,69.0,7.1,11.4,1.1,22.0
KNSM-eiland,2336.0,19.5,14.6,48.3,8.8,52.4,44.9,8.2,488187.0,2.2,9.0,54000.0,3.4,6.9,6.8,8.7,8.3,6.7,54.1,35.5,70.7,45.9,23.9,6.4,16.5,34.9,7.5,67.0,10.7,8.9,1.1,27.1
Oostelijke Handelskade,1451.0,8.0,22.1,46.9,9.0,38.2,45.7,30.5,574657.0,2.4,7.0,84000.0,2.7,5.3,5.7,8.0,7.3,6.2,56.3,30.0,72.8,41.5,27.8,8.4,17.9,48.6,5.4,72.0,8.3,13.9,1.4,37.9
Rietlanden,2426.0,12.0,14.8,49.4,8.4,44.5,34.0,26.7,521484.0,2.5,8.0,60300.0,3.2,6.7,7.1,8.0,7.6,7.5,54.0,31.5,71.7,39.3,26.8,7.4,18.2,40.7,5.7,69.0,11.5,12.0,1.4,36.8
Sporenburg,2725.0,6.6,13.1,50.8,9.2,31.2,14.7,34.2,611804.0,2.6,7.0,70700.0,3.2,6.5,6.9,8.3,8.2,4.3,46.1,29.2,77.5,39.4,21.9,5.5,14.3,41.9,3.6,73.0,9.5,16.4,0.6,21.3
Borneo,2765.0,7.1,12.0,50.1,11.9,33.5,23.0,40.2,658032.0,2.9,7.0,63500.0,2.9,7.2,6.6,8.3,7.6,5.7,48.9,29.7,75.5,40.1,24.1,6.2,16.0,38.1,6.8,72.0,9.4,19.0,1.0,25.5
Entrepot-Noordwest,1414.0,14.4,15.3,50.2,11.7,52.5,52.5,14.6,429105.0,5.6,13.0,45800.0,3.6,6.4,7.4,8.2,7.3,11.1,60.2,36.0,64.8,43.6,30.7,9.6,23.4,26.4,11.3,62.0,19.1,11.8,1.4,43.8
Bedrijvengebied Veelaan,38.0,26.3,16.8,57.9,4.3,52.9,72.2,0.0,475171.0,9.9,12.0,51882.0,3.3,6.2,6.5,7.7,7.2,6.3,50.5,36.4,71.6,41.5,20.9,5.6,15.5,26.5,11.3,64.0,18.0,13.0,1.2,38.1
Architectenbuurt,1697.0,17.5,15.9,50.3,8.8,55.2,35.2,11.6,400934.0,4.6,12.0,45500.0,3.8,6.0,6.2,7.7,7.6,9.3,56.5,36.1,68.0,42.6,28.0,7.9,20.1,30.8,10.0,64.0,20.6,9.1,1.0,33.7
Cruquiusbuurt,1698.0,2.7,20.0,48.0,2.5,49.4,8.7,58.9,498872.0,5.9,3.0,55200.0,3.3,6.2,6.5,7.7,7.2,2.9,50.6,23.4,80.0,35.4,27.2,7.6,15.3,48.1,2.4,81.0,5.3,9.7,2.5,23.3
Bedrijvengebied Zeeburgerkade,241.0,12.0,28.6,48.1,0.9,35.2,25.0,41.7,475171.0,11.1,12.0,51882.0,3.3,6.2,6.5,7.7,7.2,5.0,59.7,27.6,74.0,34.4,30.1,9.2,17.6,16.8,8.3,68.0,33.2,12.4,2.1,17.9
Weesperzijde-Noord,1964.0,8.2,20.8,48.8,4.1,56.2,21.3,37.2,526092.0,3.6,5.0,61300.0,3.1,6.1,6.4,8.4,7.7,4.4,51.1,26.9,76.6,31.1,27.2,7.4,16.1,41.9,6.9,75.0,7.1,10.5,1.2,23.7
Weesperzijde-Midden/Zuid,3261.0,12.0,18.6,49.6,4.7,53.7,23.4,43.1,522942.0,6.2,6.0,58700.0,2.8,6.4,6.1,8.0,7.8,6.0,52.5,29.2,74.1,34.0,27.5,7.8,17.3,40.5,8.3,71.0,9.8,11.4,1.3,27.7
Parooldriehoek,698.0,1.0,42.6,54.0,21.7,57.4,100.0,0.0,372633.0,15.3,7.0,29100.0,3.3,6.2,6.5,7.7,7.2,6.6,74.0,24.1,67.7,27.8,41.4,16.4,23.4,5.8,20.9,26.0,12.9,5.9,1.0,45.4
Oosterparkbuurt-Noordwest,3701.0,12.5,17.1,50.9,6.0,62.0,59.1,18.9,416409.0,6.3,12.0,41100.0,3.7,5.9,6.6,8.0,7.1,9.7,59.4,33.7,66.1,38.6,33.5,9.9,22.7,25.1,14.7,65.0,14.9,8.4,1.5,39.7
Oosterpark,140.0,7.9,25.0,50.7,4.0,88.7,97.9,1.0,267889.0,12.0,18.0,51882.0,3.3,6.2,6.5,7.7,7.2,8.5,66.5,36.1,63.3,35.2,39.1,12.3,25.3,12.8,11.3,64.0,7.1,3.6,1.2,29.3
Oosterparkbuurt-Zuidwest,3076.0,13.2,13.5,49.5,8.6,60.0,66.6,13.5,423588.0,8.9,19.0,39300.0,3.8,5.9,6.9,7.9,6.5,13.6,62.6,36.9,60.9,43.3,35.8,11.5,26.2,21.9,19.3,59.0,21.8,13.0,1.0,51.8
Oosterparkbuurt-Zuidoost,3709.0,13.3,18.7,50.6,7.8,53.2,40.7,27.6,494282.0,7.8,11.0,49500.0,2.8,5.9,7.4,7.9,7.4,9.2,55.7,32.9,68.6,37.9,30.5,8.7,20.7,30.2,13.5,66.0,12.7,12.1,1.3,33.3
Transvaalbuurt-West,4018.0,13.6,12.4,51.8,8.8,54.2,60.3,15.4,394225.0,12.3,16.0,39600.0,3.2,5.8,7.1,7.4,6.5,13.6,60.2,35.9,61.9,43.6,35.8,10.4,25.6,21.0,18.3,61.0,24.6,11.4,1.0,49.2
Transvaalbuurt-Oost,5037.0,10.8,14.4,51.4,9.4,51.3,56.4,21.9,442348.0,11.8,15.0,41900.0,3.4,6.2,7.0,7.9,7.2,12.2,58.7,34.1,64.0,41.6,34.7,10.0,24.8,21.9,15.9,62.0,18.9,14.0,1.1,45.9
Dapperbuurt-Noord,4238.0,16.0,14.5,52.3,7.2,59.5,59.9,16.4,401170.0,9.1,15.0,40500.0,4.1,5.7,6.9,7.7,6.7,12.9,60.2,35.5,63.7,41.0,34.3,10.3,24.5,21.9,16.3,61.0,16.8,10.4,1.0,44.3
Dapperbuurt-Zuid,3703.0,12.5,13.9,50.7,6.7,62.2,55.8,22.3,406907.0,11.4,16.0,40900.0,3.0,5.9,6.8,7.6,7.0,12.9,60.2,35.5,63.7,41.0,34.3,10.3,24.5,21.9,16.3,61.0,19.2,9.8,0.9,44.8
Oostpoort,2021.0,16.6,12.1,50.6,8.0,54.2,47.2,17.0,528397.0,5.4,16.0,55500.0,3.5,6.5,7.1,8.3,7.4,10.1,53.7,34.8,68.4,40.0,29.6,8.2,19.6,35.9,12.7,62.0,18.3,16.8,1.1,36.5
Timorpleinbuurt-Noord,3905.0,7.6,19.3,49.5,7.0,58.3,43.4,24.9,407541.0,10.0,13.0,42800.0,3.5,6.0,7.2,8.2,7.5,9.0,58.4,31.9,67.8,38.3,34.9,9.9,22.6,27.4,14.0,67.0,16.1,12.3,1.0,39.1
Timorpleinbuurt-Zuid,4481.0,9.1,15.9,51.5,6.9,54.2,47.7,24.8,390778.0,11.4,12.0,42000.0,3.2,6.1,7.3,7.9,7.4,10.4,59.0,32.5,65.9,39.5,36.7,9.9,24.4,24.3,14.8,65.0,16.7,10.7,0.9,44.5
Ambonpleinbuurt,3913.0,14.9,10.6,51.6,11.7,50.2,71.8,9.2,366888.0,12.4,20.0,37000.0,2.7,5.6,6.5,7.4,7.0,16.9,64.6,38.9,56.4,49.1,40.2,11.8,29.7,15.0,20.6,55.0,33.0,13.6,1.1,63.9
Makassarpleinbuurt,5587.0,16.4,11.5,50.3,8.9,56.7,68.6,12.7,374596.0,10.5,19.0,36000.0,3.1,5.9,7.0,7.6,6.9,15.7,63.6,38.9,57.7,47.7,36.7,11.4,28.0,17.1,20.6,58.0,24.2,12.5,1.1,54.8
Zeeburgerdijk-Oost,426.0,15.3,14.8,50.0,10.0,38.6,27.4,18.8,547072.0,1.1,9.0,62400.0,6.2,6.2,6.5,7.7,7.2,7.7,52.7,33.7,70.9,43.3,25.6,6.6,18.2,35.2,6.6,66.0,18.0,12.2,1.2,33.1
Sumatraplantsoenbuurt,3661.0,11.6,11.0,50.7,10.0,49.6,63.2,14.1,409017.0,12.8,17.0,38300.0,3.0,5.7,6.7,7.1,6.5,14.8,61.9,37.1,59.8,47.6,36.9,11.1,27.6,18.1,17.1,59.0,24.6,14.1,1.2,58.3
Flevopark,17.0,11.8,16.8,58.8,0.0,52.9,0.0,100.0,475171.0,9.9,12.0,51882.0,3.3,6.2,6.5,7.7,7.2,2.6,47.8,23.9,80.8,32.6,29.1,4.6,19.6,26.5,11.3,64.0,18.0,13.0,1.2,38.1
Sluisbuurt,19.0,15.8,16.8,57.9,0.0,52.9,0.0,20.0,475171.0,9.9,12.0,51882.0,3.3,6.2,6.5,7.7,7.2,1.8,42.1,30.3,79.3,53.2,15.5,3.8,11.1,26.5,11.3,64.0,18.0,13.0,1.2,38.1
Sportheldenbuurt,4446.0,4.5,18.8,48.7,8.8,53.0,22.2,52.2,390175.0,5.2,8.0,51400.0,2.8,5.8,4.8,7.4,7.9,4.8,59.7,27.2,73.2,41.4,30.0,10.2,19.3,35.1,7.2,69.0,11.0,16.9,1.7,39.4
Oostpunt Zeeburgereiland,39.0,12.8,16.8,43.6,7.7,52.9,34.7,32.6,475171.0,9.9,12.0,51882.0,3.3,6.2,6.5,7.7,7.2,4.6,53.6,31.4,74.1,50.4,22.0,5.8,13.8,26.5,11.3,64.0,18.0,13.0,1.2,38.1
Baaibuurt-West,267.0,2.6,28.5,51.7,0.6,58.2,95.3,3.5,208055.0,46.4,12.0,51882.0,3.3,6.2,6.5,7.7,7.2,1.7,57.4,23.2,74.1,29.3,36.5,8.7,20.2,7.4,11.3,63.0,15.0,6.4,1.9,11.6
Baaibuurt-Oost,483.0,0.6,21.1,58.0,0.7,90.0,100.0,0.0,475171.0,8.6,12.0,51882.0,3.3,6.2,6.5,7.7,7.2,2.1,69.1,21.8,70.5,28.4,41.8,12.5,24.0,1.1,11.3,47.0,18.0,2.1,1.2,40.8
Bovendiep/Diemerpark,72.0,18.1,16.7,40.3,3.1,37.5,0.0,31.3,475171.0,0.0,12.0,51882.0,3.3,6.2,6.5,7.7,7.2,5.7,44.4,31.2,74.2,48.3,17.7,4.7,13.9,26.5,11.3,64.0,13.9,20.8,1.2,5.5
Steigereiland-Zuid,2665.0,4.4,11.1,49.2,16.2,27.8,36.0,7.5,602941.0,4.2,12.0,70900.0,3.1,7.3,5.4,8.0,7.5,6.6,52.4,28.8,72.7,44.8,24.7,7.6,17.7,35.1,6.6,68.0,18.0,22.9,0.6,37.6
Steigereiland-Noord,1635.0,4.1,17.2,49.3,14.8,30.7,26.2,33.5,519456.0,4.8,9.0,58100.0,3.4,6.6,5.7,7.8,7.7,6.6,56.5,27.9,72.2,45.6,28.2,9.0,18.5,38.0,7.1,71.0,14.1,22.8,1.8,40.8
Rieteilanden-West,2787.0,6.0,13.5,49.3,10.9,19.2,9.1,24.7,778533.0,0.6,5.0,103900.0,2.9,7.2,5.5,8.1,7.1,4.1,46.5,26.5,77.5,41.7,21.4,5.3,13.4,43.4,3.7,71.0,12.2,20.6,0.8,28.4
Joris Ivenspleinbuurt,2834.0,8.1,18.3,49.6,10.8,47.5,40.2,30.3,416562.0,5.2,10.0,52400.0,3.3,6.1,5.8,7.5,6.9,7.9,60.5,30.5,68.3,47.3,30.9,9.7,20.8,33.2,8.2,67.0,13.8,17.0,1.2,45.5
Ed Pelsterparkbuurt,5855.0,5.0,15.0,50.5,15.0,33.9,34.5,20.1,483114.0,5.0,10.0,58500.0,2.6,5.7,5.4,7.2,6.3,8.1,58.1,30.4,68.2,48.7,29.7,9.0,20.5,34.2,7.3,68.0,15.5,22.3,1.2,47.2
Centrumeiland,226.0,1.8,13.3,50.0,10.3,20.5,0.0,10.3,475171.0,1.8,12.0,51882.0,3.3,6.2,6.5,7.7,7.2,1.6,49.6,25.5,76.3,46.2,24.9,7.9,16.0,55.6,11.3,72.0,48.7,32.7,4.9,34.5
Havenkwartier IJburg,1796.0,7.6,14.0,53.5,16.2,43.3,43.7,33.9,404993.0,7.8,16.0,43600.0,3.9,6.0,6.0,8.2,7.3,11.9,64.6,34.0,62.5,53.1,34.3,10.9,25.0,23.0,11.1,63.0,13.9,20.5,1.6,57.7
Theo van Goghparkbuurt,6013.0,3.5,15.1,50.8,14.0,29.8,30.7,19.3,566620.0,4.0,11.0,69100.0,2.5,6.5,5.7,7.7,7.1,7.4,54.6,29.0,71.9,46.9,25.7,8.3,18.7,39.7,7.1,69.0,13.1,28.7,1.1,40.0
Rieteiland-Oost,337.0,1.5,12.8,52.2,2.1,8.4,0.0,3.3,1452271.0,0.0,12.0,51882.0,3.3,6.2,6.5,7.7,7.2,1.4,35.9,20.3,86.0,37.2,13.9,3.4,8.3,57.9,11.3,78.0,11.9,33.2,1.5,16.6
Van der Kunbuurt,619.0,12.1,13.1,49.1,16.2,59.1,99.3,0.4,346856.0,23.2,21.0,35100.0,4.7,6.2,6.5,7.7,7.2,16.1,67.9,36.9,56.9,46.8,40.6,13.6,30.0,12.9,17.6,57.0,18.0,15.0,0.8,62.7
De Eenhoorn,3025.0,3.0,21.1,48.1,3.4,81.7,48.7,50.5,299428.0,6.3,11.0,40200.0,4.0,4.0,5.9,7.3,7.4,2.7,63.3,25.9,71.6,29.0,37.1,12.4,21.3,23.5,8.5,61.0,17.2,7.5,0.8,43.4
Don Bosco,2143.0,14.3,16.1,50.0,7.4,42.6,29.4,28.4,547151.0,7.5,7.0,58800.0,2.7,6.8,6.7,8.4,7.9,7.3,50.8,31.1,72.5,37.1,26.3,6.9,17.4,34.6,5.8,68.0,9.8,16.6,1.0,23.8
Julianapark,1053.0,12.7,21.8,50.2,3.6,55.1,17.5,69.3,472302.0,0.7,4.0,56800.0,2.5,5.6,6.5,7.3,6.7,5.2,54.2,28.6,75.3,34.3,27.5,7.7,16.9,49.9,4.3,73.0,4.7,9.9,1.2,24.4
Frankendael,15.0,6.7,16.8,60.0,11.1,52.9,0.0,87.5,475171.0,9.9,12.0,51882.0,3.3,6.2,6.5,7.7,7.2,8.4,37.8,36.8,81.5,38.5,30.2,4.0,11.3,26.5,11.3,64.0,18.0,13.0,1.2,38.1
Tuindorp Amstelstation,827.0,24.4,7.1,57.2,20.0,55.6,99.8,0.0,299914.0,19.0,30.0,28200.0,3.3,6.2,6.5,7.7,7.2,19.9,67.0,47.1,48.8,53.4,38.6,12.0,30.7,5.8,26.8,47.0,25.4,16.1,1.1,48.3
De Wetbuurt,1827.0,22.9,11.2,52.4,9.2,47.5,49.6,13.7,468096.0,10.2,12.0,47600.0,3.5,6.8,6.7,8.2,8.5,11.0,53.2,35.9,66.9,44.9,26.4,7.2,19.3,26.5,9.4,64.0,14.8,15.7,0.9,23.9
Tuindorp Frankendael,2749.0,20.5,11.9,49.3,6.4,63.2,58.4,27.4,414145.0,5.8,18.0,41900.0,3.8,6.4,6.8,7.8,7.2,11.8,59.1,37.7,63.4,46.9,31.0,9.4,22.4,23.9,13.6,61.0,15.3,14.4,0.9,33.5
Linnaeusparkbuurt,2581.0,14.7,15.9,51.0,5.8,42.2,16.7,39.1,682267.0,4.0,5.0,68400.0,2.7,7.2,6.9,8.9,7.8,5.3,47.4,29.2,76.3,33.8,23.8,6.0,14.7,40.3,4.8,71.0,6.6,16.2,1.3,16.9
Middenmeer-Noord,2800.0,14.8,13.3,52.8,7.7,33.0,21.1,33.9,681804.0,2.9,5.0,84300.0,3.0,7.4,6.4,8.7,8.2,6.5,45.8,30.2,75.1,36.4,23.0,5.5,15.2,37.2,5.5,71.0,8.2,18.5,1.3,17.8
Middenmeer-Zuid,4987.0,12.1,15.0,52.0,8.5,39.2,8.9,45.6,542130.0,5.3,6.0,60500.0,3.2,7.0,6.5,8.6,8.2,6.0,48.2,29.2,75.3,38.3,24.1,5.9,15.4,37.3,4.5,73.0,9.2,18.8,1.4,18.0
Science Park-Noord,2686.0,2.2,32.6,55.1,0.8,72.8,68.9,17.1,277211.0,5.8,2.0,52800.0,1.7,5.0,5.9,7.3,7.2,2.0,62.6,22.1,74.5,27.4,35.8,11.3,19.4,26.1,4.1,52.0,3.4,6.0,0.5,32.6
Science Park-Zuid,289.0,2.4,10.4,42.9,3.0,90.0,64.6,35.4,122000.0,3.3,19.0,23100.0,3.3,6.2,6.5,7.7,7.2,7.4,74.2,25.2,65.7,37.5,45.3,18.0,32.1,2.2,20.9,63.0,18.0,6.6,1.7,60.9
Sportpark Middenmeer-Zuid,304.0,50.0,15.8,55.6,2.2,57.8,40.2,4.8,542963.0,0.5,12.0,52200.0,3.3,6.2,6.5,7.7,7.2,15.4,51.2,38.9,68.3,45.7,19.4,4.1,14.8,27.3,8.0,54.0,3.3,10.9,1.6,8.5
Sportpark Middenmeer-Noord,255.0,0.0,5.1,31.0,0.4,90.0,99.6,0.4,475171.0,90.0,21.0,19400.0,3.3,6.2,6.5,7.7,7.2,7.5,77.5,24.3,62.6,39.0,50.1,19.2,35.4,1.6,24.7,65.0,18.0,2.0,2.0,75.7
Park de Meer,1563.0,19.0,12.3,52.4,7.9,38.2,27.4,9.9,593499.0,2.1,10.0,63200.0,2.7,7.1,7.3,8.6,8.0,8.1,50.5,34.0,71.3,44.8,23.4,6.1,16.9,32.3,5.7,63.0,12.8,12.4,0.6,30.1
Betondorp,3069.0,24.1,9.4,53.3,10.3,59.6,79.0,3.7,370932.0,9.7,19.0,33600.0,4.0,6.7,6.2,7.9,7.6,15.8,60.8,41.9,57.7,53.1,31.8,9.0,24.2,15.6,17.3,56.0,18.0,12.7,1.1,30.6
De Omval,721.0,19.4,30.7,47.6,2.7,45.4,0.0,57.3,618269.0,1.1,3.0,76200.0,3.3,5.8,5.6,7.9,7.4,4.2,54.6,28.6,77.5,34.2,23.4,7.4,14.6,55.4,2.1,72.0,1.4,8.3,1.1,29.8
Overamstel,44.0,2.3,16.8,34.1,3.1,52.9,16.7,0.0,475171.0,9.9,67.0,51882.0,3.3,6.2,6.5,7.7,7.2,3.0,38.3,25.1,83.2,40.8,14.3,3.4,11.0,26.5,11.3,64.0,18.0,13.0,1.2,38.1
Amstelglorie,77.0,20.8,15.6,44.2,5.9,32.4,34.7,32.6,475171.0,0.0,12.0,51882.0,3.3,6.2,6.5,7.7,7.2,3.8,46.2,27.4,79.0,40.6,19.2,4.7,11.6,26.5,11.3,64.0,0.0,16.9,6.5,9.1
Amstelkwartier-West,893.0,2.2,25.1,47.1,0.8,81.2,0.0,100.0,237803.0,72.5,2.0,40500.0,2.3,4.0,6.5,6.8,5.9,1.7,61.1,22.8,75.7,32.8,35.4,11.0,20.4,24.5,9.1,65.0,3.4,2.7,0.8,30.7
Amstelkwartier-Noord,2721.0,2.4,20.3,49.4,2.1,64.1,6.0,73.5,437854.0,4.5,3.0,60700.0,3.4,5.6,4.5,7.8,8.0,2.1,51.7,24.3,78.3,32.1,29.0,7.8,16.4,43.1,4.1,78.0,10.7,10.8,1.5,23.1
Amstelkwartier-Zuid,37.0,27.0,16.8,43.2,4.5,52.9,34.7,32.6,475171.0,9.9,12.0,51882.0,3.3,6.2,6.5,7.7,7.2,10.5,65.9,26.6,73.1,44.1,27.9,12.4,16.5,26.5,11.3,64.0,18.0,13.0,1.2,38.1
Weespertrekvaart,925.0,2.8,19.5,45.4,2.4,57.9,0.0,92.5,471616.0,1.8,13.0,67200.0,2.6,5.8,4.2,7.8,7.1,1.9,52.7,23.1,79.0,34.3,28.8,8.0,15.7,50.2,3.0,77.0,10.8,9.1,1.2,28.2
Noorder IJplas,140.0,31.4,3.6,45.7,4.6,27.7,34.7,32.6,475171.0,0.0,12.0,51882.0,3.3,6.2,6.5,7.7,7.2,5.8,43.6,33.1,73.8,51.0,16.3,4.0,13.1,23.4,11.3,64.0,21.4,10.7,3.6,11.4
Melkweg/Oostzanerwerf,83.0,20.5,13.3,45.8,13.5,21.6,34.7,32.6,475171.0,0.0,12.0,51882.0,3.3,6.2,6.5,7.7,7.2,6.7,45.7,30.3,74.9,47.8,20.0,5.0,14.1,29.4,9.2,67.0,120.5,12.0,1.2,4.8
Walvisbuurt,1386.0,12.5,10.9,51.1,11.2,30.5,25.1,5.5,427676.0,6.5,10.0,53800.0,3.3,6.5,4.8,7.9,7.3,8.2,52.7,32.2,69.9,51.4,23.7,6.9,17.6,22.4,4.1,68.0,22.4,16.8,1.2,34.5
Twiske-West,2530.0,14.4,10.4,50.6,10.9,25.4,29.8,5.3,463455.0,7.7,9.0,56300.0,2.9,7.2,5.2,8.2,7.7,10.8,51.7,35.1,67.7,54.6,23.0,6.3,18.4,18.2,3.8,60.0,10.7,17.3,0.9,24.5
Oostzanerdijk,326.0,15.0,11.7,51.2,7.5,34.2,15.0,17.9,487328.0,14.0,7.0,55700.0,3.3,6.2,6.5,7.7,7.2,6.7,45.7,30.3,74.9,47.8,20.0,5.0,14.1,29.4,9.2,67.0,30.7,18.1,1.5,9.8
Circus/Kermisbuurt,1329.0,12.8,11.4,49.3,10.4,47.2,37.0,7.0,331286.0,7.5,13.0,42200.0,2.0,6.3,6.2,7.5,6.8,9.6,57.1,34.1,66.6,53.8,27.3,8.3,20.5,19.2,10.0,65.0,21.1,13.0,0.9,32.2
Molenwijk,3038.0,17.7,10.4,52.0,15.9,48.6,80.9,4.4,264887.0,12.8,23.0,32300.0,3.1,6.2,5.9,7.5,6.3,19.3,68.2,39.4,55.3,56.9,36.0,12.6,27.0,7.3,17.2,53.0,32.3,20.0,1.2,54.5
NDSM terrein,2406.0,0.6,20.4,48.0,1.5,75.7,16.3,80.3,231996.0,4.3,3.0,37500.0,4.3,4.6,4.9,7.4,6.6,2.0,60.5,22.7,75.2,36.0,35.5,10.5,19.2,25.2,5.7,74.0,4.2,3.4,1.6,33.6
Buiksloterham-Zuid,837.0,5.3,14.8,48.0,7.0,50.5,37.4,31.3,421827.0,4.4,12.0,46500.0,3.3,6.7,6.5,7.0,6.9,8.7,58.1,31.9,68.6,42.0,30.4,9.4,20.3,26.5,11.3,64.0,18.0,19.1,2.2,30.5
Buiksloterham-Noord,1293.0,3.9,15.7,46.8,5.5,35.2,3.5,22.5,564622.0,3.3,4.0,69100.0,3.3,7.1,5.6,7.9,7.0,8.7,58.1,31.9,68.6,42.0,30.4,9.4,20.3,26.5,11.3,64.0,18.0,25.8,1.9,18.7
Klaprozenbuurt,131.0,14.5,13.7,46.6,9.7,44.4,0.0,76.5,475171.0,18.2,12.0,51882.0,3.3,6.2,6.5,7.7,7.2,2.5,48.5,25.6,79.5,39.3,23.0,6.4,13.3,45.1,3.3,76.0,84.0,14.5,3.8,16.8
Overhoeks,2523.0,11.3,23.6,44.0,3.2,58.0,18.2,56.0,585217.0,1.1,6.0,57600.0,3.2,6.6,6.5,8.2,7.9,4.9,55.6,27.5,76.4,36.5,27.7,8.7,16.2,45.2,5.7,67.0,8.7,8.8,1.8,29.4
Tuindorp Oostzaan-West,1143.0,34.0,8.9,53.5,10.8,47.4,68.7,1.5,326820.0,6.3,16.0,38800.0,3.2,6.8,4.9,7.7,7.2,16.7,57.4,40.7,60.7,57.8,25.1,7.8,21.1,11.7,13.8,56.0,26.2,14.4,0.7,23.9
Tuindorp Oostzaan-Oost,4157.0,19.2,10.2,54.2,14.3,40.2,66.4,3.1,322474.0,22.3,18.0,39500.0,3.6,7.0,6.4,8.1,7.5,14.7,56.8,39.1,60.8,56.4,28.7,8.1,21.9,14.1,11.3,59.0,27.4,17.2,1.2,22.3
Terrasdorp,4028.0,18.7,11.3,50.3,10.9,52.6,70.9,7.0,310703.0,12.6,21.0,35100.0,3.9,6.5,5.4,7.3,7.2,15.0,62.1,39.0,59.3,54.4,32.0,9.9,23.5,13.0,16.1,56.0,28.6,14.0,1.1,38.5
De Bongerd,2670.0,3.1,8.7,50.6,11.1,22.2,32.4,4.9,558499.0,4.4,9.0,60200.0,3.4,7.0,5.7,8.1,8.0,7.0,51.2,27.1,73.2,44.2,25.7,7.4,17.4,32.0,4.9,73.0,12.4,29.9,1.7,40.6
Twiske-Oost,1105.0,21.8,6.2,52.2,9.0,28.1,44.1,1.1,398424.0,7.6,11.0,49600.0,2.8,6.2,6.5,7.7,7.2,10.8,51.7,35.1,67.7,54.6,23.0,6.3,18.4,18.2,3.8,60.0,24.4,15.9,0.8,31.6
Kadoelen,2441.0,13.7,9.3,52.1,10.8,25.2,23.8,7.1,586368.0,9.6,8.0,69000.0,2.6,7.2,5.5,8.2,7.1,7.0,46.4,29.7,74.7,45.8,20.8,5.3,14.7,33.4,4.1,68.0,14.7,24.9,0.9,18.6
Banne-Noordwest,2616.0,13.4,11.5,51.6,11.9,49.0,73.5,6.5,288033.0,15.4,20.0,33900.0,3.3,5.7,6.2,6.6,6.2,16.5,68.0,37.6,56.2,56.2,36.6,12.6,28.0,7.6,17.2,55.0,32.9,18.2,1.0,62.9
Banne-Noordoost,3564.0,15.3,10.5,50.8,15.3,38.3,64.3,6.3,320268.0,14.0,20.0,40200.0,3.3,6.0,5.9,6.9,6.4,15.0,64.1,37.5,58.6,54.7,33.8,11.2,25.9,11.1,14.0,55.0,28.3,19.2,1.2,55.9
Banne-Zuidwest,3757.0,17.3,10.4,54.4,15.4,40.9,65.1,10.0,326029.0,20.2,18.0,37900.0,3.4,5.7,6.1,6.4,6.3,17.1,65.3,36.0,58.6,53.6,34.8,11.7,26.0,11.2,14.2,56.0,27.1,20.0,0.7,60.3
Banne-Zuidoost,4133.0,16.3,9.7,49.2,8.3,48.0,52.8,14.2,349750.0,6.8,16.0,41300.0,3.9,6.3,6.5,7.4,6.5,12.4,60.5,35.4,63.4,50.2,30.4,9.9,22.4,21.0,12.9,62.0,22.7,18.4,1.5,47.3
Buiksloterbreek,320.0,22.5,17.5,51.6,3.6,31.9,0.0,5.9,640649.0,2.7,12.0,67500.0,3.3,7.8,6.5,8.8,7.2,4.0,41.7,30.9,79.9,40.3,15.2,3.1,10.2,37.1,2.9,68.0,6.2,17.2,1.6,10.3
Marjoleinterrein,330.0,7.0,12.7,48.8,4.1,49.0,38.8,11.6,443971.0,13.2,12.0,51200.0,3.3,6.2,6.5,7.7,7.2,9.0,59.0,31.0,68.7,44.0,30.8,9.5,21.6,24.3,7.8,67.0,15.2,21.2,1.5,47.9
Buiksloterdijk-West,165.0,19.4,10.9,50.9,4.9,24.6,0.0,6.7,756140.0,8.8,12.0,51882.0,3.3,6.2,6.5,7.7,7.2,4.2,40.5,27.0,82.4,34.2,16.5,3.6,9.4,42.1,11.3,64.0,6.1,26.7,3.0,7.9
Buiksloterdijk-Oost,133.0,25.6,7.5,50.4,10.9,20.0,0.0,7.4,475171.0,0.0,12.0,51882.0,3.3,6.2,6.5,7.7,7.2,4.8,38.9,29.9,82.0,33.5,13.8,2.7,9.2,46.1,11.3,64.0,18.0,21.1,3.8,12.0
Nieuwendammerdijk-West,1039.0,15.7,11.6,50.2,5.6,27.1,0.3,10.5,749900.0,10.0,3.0,77300.0,3.0,6.2,6.5,7.7,7.2,3.9,41.3,28.1,81.1,37.1,17.0,3.7,10.3,41.2,1.5,72.0,7.7,21.8,0.7,10.6
Nieuwendammerdijk-Oost,348.0,12.6,11.5,50.0,5.6,19.8,0.8,8.1,794735.0,7.9,12.0,89400.0,3.3,6.2,6.5,7.7,7.2,3.8,38.3,25.2,83.0,38.2,15.4,3.2,10.3,46.3,2.5,73.0,5.7,24.4,1.4,9.2
Elzenhagen-Noord,3311.0,6.7,11.9,50.5,6.3,47.2,23.9,19.2,507085.0,2.5,6.0,62000.0,3.1,6.9,6.1,8.1,7.3,6.1,54.4,25.9,73.4,40.2,27.8,8.0,18.0,31.8,6.8,70.0,12.7,24.8,1.3,40.8
Elzenhagen-Zuid,837.0,3.1,9.8,40.4,2.7,87.0,90.5,9.5,155867.0,16.0,24.0,25000.0,2.6,6.3,6.5,6.5,5.4,7.3,70.7,29.3,61.8,38.0,44.2,15.9,29.5,8.2,19.4,62.0,35.8,5.9,2.7,63.4
Nintemanterrein,123.0,23.6,8.9,45.5,0.0,5.1,0.0,0.0,475171.0,25.6,12.0,51882.0,3.3,6.2,6.5,7.7,7.2,3.0,36.7,31.5,81.9,39.1,15.3,2.7,8.8,26.5,11.3,64.0,8.1,28.5,4.1,9.8
Buikslotermeer-Noord,2486.0,25.1,16.2,53.8,4.5,64.7,39.6,14.1,327824.0,6.6,7.0,38400.0,3.0,6.7,6.3,7.7,6.2,10.9,60.4,33.0,66.4,44.5,29.9,8.9,20.1,14.0,10.1,61.0,15.7,8.1,0.8,31.3
De Kleine Wereld,2698.0,19.0,8.0,52.1,18.1,41.8,84.9,4.9,278048.0,20.5,23.0,33000.0,2.9,5.9,6.0,7.2,6.3,20.6,68.5,40.6,52.9,55.8,37.1,13.0,29.2,6.0,18.0,50.0,27.8,17.8,0.4,66.5
Loenermark,1882.0,21.6,18.1,49.7,5.1,58.7,36.8,36.2,266492.0,5.3,10.0,35600.0,3.6,6.2,6.8,7.4,6.4,14.2,64.0,33.1,64.8,44.4,32.1,10.4,21.9,16.9,11.6,64.0,13.3,7.8,1.1,41.8
Buikslotermeerplein,1352.0,30.6,12.1,52.7,5.8,66.4,57.6,19.5,328138.0,2.8,20.0,33600.0,3.6,5.4,6.5,7.7,6.4,18.6,66.3,39.4,57.1,51.5,33.5,10.7,25.1,13.7,17.8,56.0,21.4,13.2,0.7,47.8
Plan van Gool,3126.0,13.4,12.0,52.1,13.4,47.2,63.6,9.1,318817.0,11.9,18.0,37200.0,3.7,5.6,6.1,7.1,6.7,14.8,66.0,36.2,59.6,49.6,35.2,12.0,26.0,12.6,15.8,59.0,25.0,17.3,1.1,58.8
Rode Kruisbuurt,237.0,34.6,14.3,51.1,6.3,32.6,0.0,2.2,595483.0,1.1,13.0,51882.0,3.3,6.2,6.5,7.7,7.2,6.3,46.3,33.1,76.7,39.9,16.9,4.2,11.9,31.5,11.3,64.0,4.2,11.4,2.1,19.0
Markengouw-Noord,609.0,23.8,16.9,48.6,6.0,51.7,0.0,18.1,266729.0,10.2,5.0,39500.0,3.3,6.2,6.5,7.2,7.2,8.9,59.5,31.4,70.4,46.0,27.0,7.9,17.3,16.5,4.0,68.0,14.8,8.7,0.8,35.6
Markengouw-Midden,3874.0,6.6,5.9,50.6,17.5,34.6,66.4,11.5,390470.0,17.0,18.0,42900.0,3.1,5.5,6.5,6.6,6.2,14.8,64.9,33.4,60.3,54.8,36.2,11.8,26.9,15.1,10.0,61.0,31.0,25.1,1.4,70.2
Markengouw-Zuid,2313.0,6.7,8.6,49.8,20.0,35.5,56.8,16.1,317144.0,28.5,18.0,41500.0,3.9,6.2,6.3,6.7,5.6,13.6,65.6,32.8,61.9,53.5,34.9,12.6,26.8,13.8,11.5,62.0,34.2,28.2,1.3,67.4
Werengouw-Noord,443.0,33.0,21.7,49.2,4.9,51.7,9.3,19.3,336519.0,3.4,6.0,45000.0,3.3,6.2,6.5,7.7,7.2,9.7,56.5,35.1,70.0,45.9,24.5,7.1,15.8,24.3,5.7,64.0,11.3,6.3,1.1,24.1
Werengouw-Midden,4919.0,13.5,12.3,50.9,12.2,49.8,48.9,25.0,291170.0,14.5,17.0,34800.0,3.7,5.9,6.6,6.7,5.9,16.3,66.0,36.6,59.2,53.2,34.8,11.5,26.1,12.2,14.5,60.0,25.0,16.3,1.1,56.8
Werengouw-Zuid,1584.0,13.1,10.5,53.3,16.9,30.2,56.7,3.9,400152.0,17.8,18.0,47000.0,3.0,7.0,6.5,7.9,7.2,13.6,65.6,32.8,61.9,53.5,34.9,12.6,26.8,13.8,11.5,62.0,49.9,23.7,0.8,57.9
Bloemenbuurt-Noord,2419.0,17.7,11.2,50.5,13.1,45.3,67.7,5.1,322741.0,17.5,19.0,37100.0,3.6,6.5,6.1,7.6,6.9,14.8,59.7,39.2,60.1,50.9,30.6,9.2,23.0,15.7,12.8,58.0,24.8,16.2,1.4,30.4
Bloemenbuurt-Zuid,2397.0,15.4,9.9,51.2,14.5,48.8,82.6,8.4,349168.0,14.7,23.0,34300.0,3.7,6.7,6.6,7.2,6.8,17.6,63.9,40.7,56.2,52.1,35.0,11.2,26.3,11.1,20.4,55.0,25.0,18.8,1.4,44.3
Van der Pekbuurt,4462.0,10.0,10.6,50.4,15.0,54.6,81.8,9.8,287481.0,16.5,24.0,32700.0,3.7,6.0,6.3,7.2,6.2,15.6,65.9,38.8,56.8,50.4,38.3,12.2,28.3,9.7,21.6,57.0,26.4,16.5,1.0,52.4
Vogelbuurt-Noord,1213.0,11.5,12.6,51.1,12.7,53.7,75.8,5.1,316991.0,13.2,18.0,34600.0,3.2,7.2,6.9,8.5,7.7,13.4,61.4,36.7,61.5,49.8,33.5,10.1,24.3,14.6,17.6,62.0,15.7,16.6,1.0,38.6
Vliegenbos,164.0,7.3,12.8,47.0,7.2,39.1,0.0,46.7,596836.0,1.9,12.0,51882.0,3.3,6.2,6.5,7.7,7.2,2.7,42.9,27.3,79.4,40.4,19.3,4.4,12.5,33.8,11.3,64.0,30.5,16.5,3.0,15.2
Vogelbuurt-Zuid,4210.0,11.8,12.8,51.0,12.8,50.6,70.9,10.5,333000.0,13.3,20.0,35400.0,4.2,6.4,7.0,7.8,7.2,13.4,61.4,36.7,61.5,49.8,33.5,10.1,24.3,14.6,17.6,62.0,4.5,15.4,1.3,49.5
IJplein e.o.,2459.0,16.3,12.3,47.4,9.8,61.1,73.6,7.6,335300.0,10.7,22.0,33100.0,3.4,5.8,6.7,7.2,6.9,15.7,65.7,39.9,57.4,51.9,35.5,11.3,26.8,13.6,21.1,56.0,23.6,12.6,0.7,50.2
Blauwe Zand,1898.0,19.0,9.9,52.1,16.7,42.8,79.5,1.5,331852.0,24.7,21.0,37200.0,3.9,6.8,6.9,7.8,7.6,15.8,59.0,39.7,59.4,54.7,30.3,9.1,23.2,12.4,14.2,57.0,23.2,16.4,1.0,26.3
Tuindorp Nieuwendam-West,1054.0,29.1,11.3,53.2,12.2,40.9,73.8,2.4,325182.0,13.4,14.0,39300.0,3.3,7.2,5.9,8.2,7.3,17.3,55.8,41.1,59.4,55.2,27.3,7.5,21.0,14.7,10.7,57.0,26.6,13.2,1.3,21.3
Tuindorp Nieuwendam-Oost,2419.0,20.9,8.3,54.6,13.6,48.3,79.1,2.1,345112.0,21.4,18.0,37000.0,3.9,7.2,6.0,8.3,7.3,15.3,57.1,40.9,60.1,53.5,28.7,7.8,22.1,15.0,14.2,58.0,22.7,16.7,1.3,18.2
Hamerstraatkwartier-West,273.0,3.7,46.2,39.2,1.6,68.1,0.0,89.4,263617.0,20.8,12.0,31200.0,3.3,6.2,6.5,7.7,7.2,4.0,72.9,25.2,72.1,37.4,35.6,14.1,19.3,20.9,6.3,59.0,18.0,6.6,1.8,26.0
Bedrijventerrein Nieuwendammerdijk,20.0,15.0,16.8,45.0,0.0,52.9,0.0,20.0,475171.0,9.9,12.0,51882.0,3.3,6.2,6.5,7.7,7.2,4.9,51.9,28.1,78.1,40.4,21.5,8.7,12.8,26.5,11.3,64.0,18.0,13.0,1.2,38.1
Noorderstrook-West,67.0,7.5,38.8,35.8,1.7,87.9,34.7,32.6,475171.0,90.0,19.0,51882.0,3.3,6.2,6.5,7.7,7.2,5.9,68.4,35.3,66.1,49.8,35.3,11.3,23.3,26.5,11.3,64.0,18.0,7.5,1.2,19.4
Zunderdorp,482.0,22.0,3.9,48.3,4.1,39.3,10.6,21.8,776102.0,3.6,10.0,61700.0,3.3,6.2,6.5,7.7,7.2,6.4,42.5,28.4,76.6,44.9,16.6,3.7,13.0,25.5,6.7,66.0,18.7,15.1,1.0,9.2
Schellingwoude-West,61.0,24.6,8.2,49.2,3.1,40.6,0.0,6.7,475171.0,3.7,12.0,51882.0,3.3,6.2,6.5,7.7,7.2,2.8,44.9,33.3,78.9,44.3,13.6,3.3,10.4,26.5,11.3,64.0,18.0,24.6,1.2,8.2
Schellingwoude-Oost,617.0,17.8,9.7,50.6,8.7,27.4,5.3,8.5,820774.0,8.8,12.0,73700.0,3.3,6.2,6.5,7.7,7.2,4.6,41.7,29.0,79.2,41.6,16.0,3.6,11.5,40.1,5.2,73.0,11.3,22.2,0.8,9.7
Zwarte Gouw,21.0,9.5,16.8,42.9,0.0,52.9,0.0,77.8,475171.0,9.9,56.0,51882.0,3.3,6.2,6.5,7.7,7.2,8.7,58.1,31.9,68.6,42.0,30.4,9.4,20.3,26.5,11.3,64.0,18.0,13.0,1.2,38.1
Holysloot,292.0,20.9,4.5,47.9,9.5,34.9,0.0,20.0,868750.0,6.7,6.0,70200.0,3.3,6.2,6.5,7.7,7.2,5.2,41.3,28.0,78.2,45.7,14.6,3.0,11.5,28.2,2.8,66.0,30.8,17.8,1.7,8.9
Ransdorp,328.0,24.1,5.8,51.5,5.0,34.0,0.0,14.5,840873.0,5.6,12.0,209600.0,3.3,6.2,6.5,7.7,7.2,5.6,40.6,27.9,79.1,42.4,14.5,2.9,11.2,33.6,3.7,68.0,9.1,18.0,1.5,7.6
Durgerdam,521.0,17.7,7.9,48.2,8.2,24.6,0.5,13.0,863929.0,13.6,12.0,89400.0,3.3,6.2,6.5,7.7,7.2,4.4,41.9,27.2,79.0,43.4,16.0,3.7,11.0,32.6,1.5,71.0,13.4,19.6,1.3,10.0
Landelijk gebied Driemond,154.0,7.1,5.8,44.8,6.5,8.7,0.0,8.7,475171.0,7.0,12.0,51882.0,3.3,6.2,6.5,7.7,7.2,2.6,36.6,24.2,81.3,41.3,13.9,3.0,10.1,26.5,11.3,64.0,26.0,29.2,1.2,9.8
Dorp Driemond,1526.0,17.8,7.5,52.7,10.8,30.1,38.6,4.4,375829.0,11.9,9.0,51700.0,3.3,7.4,5.1,8.6,8.3,8.0,46.1,31.5,71.1,52.3,20.8,5.6,16.1,22.2,4.0,67.0,18.3,18.2,1.4,15.9
Hoofdcentrum-Zuidoost,38.0,0.0,16.8,31.6,0.0,52.9,34.7,32.6,475171.0,9.9,12.0,51882.0,3.3,6.2,6.5,7.7,7.2,3.5,81.7,19.5,75.6,34.2,38.3,17.7,18.9,26.5,11.3,64.0,18.0,13.0,1.2,38.1
Amstel III deel C/D-Noord,19.0,5.3,16.8,21.1,0.0,52.9,34.7,32.6,475171.0,9.9,12.0,51882.0,3.3,6.2,6.5,7.7,7.2,2.9,70.0,23.8,75.7,44.6,31.7,13.8,16.2,26.5,11.3,64.0,18.0,13.0,1.2,38.1
Amstel III deel A/B-Noord,81.0,0.0,30.9,32.1,1.8,76.8,34.7,32.6,475171.0,9.9,12.0,51882.0,3.3,6.2,6.5,7.7,7.2,4.1,66.2,22.3,73.3,42.5,35.8,12.9,20.4,26.5,11.3,67.0,148.1,12.3,14.8,64.2
Amstel III deel A/B-Zuid,2301.0,0.1,24.9,54.7,0.8,83.3,0.0,100.0,116821.0,2.9,1.0,25500.0,1.5,6.2,6.5,7.7,7.2,2.0,70.2,22.1,72.1,33.7,40.7,14.0,22.7,12.5,3.6,68.0,3.9,1.2,0.7,51.9
AMC,28.0,3.6,16.8,14.3,7.5,52.9,34.7,32.6,475171.0,9.9,75.0,51882.0,3.3,6.2,6.5,7.7,7.2,9.7,82.0,51.6,48.6,54.7,43.7,16.1,35.7,26.5,11.3,64.0,18.0,13.0,1.2,38.1
Hoge Dijk,127.0,6.3,13.4,36.2,4.2,58.3,0.0,37.5,475171.0,12.5,12.0,51882.0,3.3,6.2,6.5,7.7,7.2,3.1,57.3,26.0,71.2,41.6,32.4,9.7,19.7,26.5,11.3,64.0,15.7,4.7,1.2,30.7
Venserpolder-West,5079.0,14.4,11.1,47.4,14.3,60.6,64.5,15.2,239524.0,13.1,18.0,31500.0,4.3,5.7,6.3,6.8,6.0,15.4,70.3,37.8,56.6,53.7,36.6,13.6,26.7,10.4,19.5,58.0,26.4,12.9,1.0,71.9
Venserpolder-Oost,3433.0,9.8,12.4,47.8,12.6,58.9,51.8,15.4,256640.0,14.5,16.0,33800.0,4.5,5.2,5.7,6.7,6.1,13.7,68.5,36.1,59.3,51.5,35.7,12.8,25.6,11.7,17.6,61.0,24.5,13.0,1.2,69.9
D-buurt,1913.0,1.9,20.7,52.1,3.8,90.0,23.9,74.6,49636.0,40.9,7.0,24100.0,1.7,4.3,6.0,6.1,4.3,5.6,68.2,25.0,65.1,33.3,43.4,14.2,27.1,2.3,14.6,55.0,11.0,5.8,1.0,57.0
F-buurt,4344.0,5.5,9.1,49.7,14.3,53.3,27.0,45.9,267019.0,10.6,11.0,40200.0,4.1,5.5,6.3,6.6,5.9,9.3,64.8,30.4,63.6,48.9,34.7,12.3,23.9,17.0,8.7,69.0,25.1,16.2,0.9,74.6
Amsterdamse Poort,1337.0,13.6,13.2,48.3,11.8,72.5,100.0,0.0,217066.0,13.2,30.0,28100.0,3.7,6.2,6.5,7.7,7.2,18.1,75.6,40.7,51.5,50.9,41.6,16.1,30.5,3.8,28.0,40.0,41.1,11.1,0.7,77.2
Vogeltjeswei,682.0,18.0,5.9,49.4,18.4,35.2,35.2,6.5,365848.0,11.5,16.0,47500.0,4.1,6.2,6.5,7.7,7.2,12.9,61.0,36.7,58.3,49.8,30.7,9.9,22.7,15.0,12.1,58.0,26.4,13.3,0.7,80.0
Hoptille,1945.0,4.2,17.3,48.5,12.1,70.6,35.4,58.6,176977.0,23.5,15.0,28200.0,3.8,5.5,6.4,6.4,5.8,10.8,74.0,31.3,60.3,48.0,41.2,15.6,28.1,4.1,18.5,55.0,20.1,13.1,0.7,69.2
Rechte H-buurt,3038.0,10.2,8.5,51.2,21.8,50.4,70.1,12.5,236814.0,11.3,24.0,30800.0,4.0,6.0,5.6,7.4,6.8,17.5,73.4,38.6,53.3,54.6,39.2,15.6,29.5,6.0,22.1,55.0,37.5,17.6,0.6,81.0
Hakfort/Huigenbos,2457.0,6.8,6.1,51.0,20.1,52.9,100.0,0.0,229324.0,11.4,23.0,30400.0,5.3,5.6,5.8,7.5,6.8,15.2,73.5,38.8,52.0,56.0,41.3,15.9,31.4,4.6,22.3,57.0,33.0,19.0,0.6,80.2
Huntum,194.0,30.4,8.8,47.9,5.7,31.0,7.3,7.3,489237.0,3.8,7.0,51882.0,3.3,6.2,6.5,7.7,7.2,6.1,48.6,31.9,73.4,45.6,19.6,4.8,13.2,31.1,11.3,64.0,10.3,11.9,2.6,45.8
E-buurt,2241.0,2.2,10.9,51.8,14.1,33.4,32.4,18.0,421380.0,6.8,8.0,53900.0,3.1,6.3,6.1,7.7,6.2,6.7,59.0,26.9,67.8,47.0,30.9,10.2,21.1,22.6,6.7,67.0,18.7,23.8,0.8,67.5
G-buurt-West,3658.0,12.4,9.8,48.6,15.9,44.9,28.2,35.5,333050.0,8.5,12.0,40400.0,3.9,5.8,6.1,7.1,6.1,10.4,58.7,35.7,66.4,48.2,26.0,7.6,18.2,19.0,9.1,60.0,13.1,12.8,1.0,76.3
G-buurt-Noord,1753.0,7.8,3.3,46.5,19.6,63.3,100.0,0.0,188477.0,14.1,30.0,26200.0,4.4,5.6,5.8,6.7,5.6,20.1,75.5,43.2,47.5,56.7,42.7,16.3,33.1,4.1,29.2,54.0,39.9,18.3,0.7,87.0
G-buurt-Oost,3131.0,32.4,14.7,46.3,4.6,56.2,20.2,17.8,312182.0,3.4,7.0,41600.0,4.6,6.7,6.3,8.1,7.1,10.4,58.7,35.7,66.4,48.2,26.0,7.6,18.2,19.0,9.1,60.0,15.3,7.7,0.4,38.7
Grunder/Koningshoef,1737.0,7.9,8.8,51.4,17.5,41.5,42.6,6.6,347820.0,8.7,13.0,43400.0,3.1,6.0,6.5,7.8,7.3,11.4,63.6,32.9,61.5,52.4,32.1,11.1,22.9,18.1,9.6,67.0,25.9,18.9,1.0,77.6
Kantershof,2249.0,22.9,11.2,47.0,9.9,55.9,37.5,11.4,276215.0,6.8,14.0,35600.0,4.0,6.7,6.3,8.1,7.0,14.2,63.8,37.5,60.2,53.1,29.7,10.1,22.3,12.2,21.7,56.0,26.2,14.5,0.7,60.7
Bijlmermuseum-Noord,2298.0,20.6,5.7,52.5,21.1,54.1,86.2,5.6,238738.0,11.1,24.0,27600.0,6.6,5.8,6.8,7.5,6.7,22.6,74.0,42.8,48.6,55.1,38.9,15.1,30.9,4.2,27.8,50.0,32.6,16.0,0.6,82.6
Bijlmermuseum-Zuid,3072.0,9.1,12.9,50.0,19.4,52.6,55.8,20.3,246340.0,11.9,19.0,31500.0,4.4,5.6,6.5,6.5,5.5,15.0,70.8,35.2,57.8,49.2,38.2,14.5,27.4,8.6,19.5,59.0,30.6,17.6,1.3,71.1
De Kameleon e.o.,2352.0,7.2,6.9,50.2,17.4,60.5,62.2,37.8,200219.0,10.6,21.0,30300.0,5.5,5.0,5.8,6.1,5.0,15.1,72.7,36.8,54.5,51.5,40.8,15.6,29.5,6.1,20.0,59.0,31.9,17.1,1.4,77.8
Gooise Kant,691.0,0.9,6.1,52.0,20.5,26.2,17.0,20.4,444410.0,3.1,6.0,56100.0,4.3,6.2,6.5,7.7,7.2,4.7,58.0,24.7,71.4,47.9,28.4,9.7,18.6,28.7,2.8,78.0,11.6,28.5,2.9,72.2
Kortvoort,2870.0,18.4,6.6,50.3,17.2,61.3,81.8,4.3,225899.0,13.7,22.0,28400.0,5.7,6.3,6.4,7.2,6.2,20.0,69.3,41.7,51.9,55.7,36.6,12.7,28.4,7.7,23.6,56.0,28.9,15.4,1.1,73.8
Kelbergen,1013.0,16.0,7.1,50.5,21.1,42.4,79.3,1.8,281179.0,11.9,16.0,36500.0,4.4,6.2,6.5,7.7,7.2,15.1,65.5,37.7,56.2,57.0,33.4,11.8,25.3,7.9,13.7,57.0,30.6,18.3,0.9,68.4
K-buurt-Zuidwest,1410.0,8.2,6.0,51.2,20.5,40.0,38.0,6.6,347996.0,9.7,11.0,43900.0,3.7,6.2,6.5,7.7,7.2,11.8,64.3,32.8,60.8,53.8,32.1,11.6,23.5,16.8,16.0,64.0,28.4,17.3,1.0,79.7
K-buurt-Zuidoost,1402.0,3.3,6.2,48.9,17.3,34.3,32.5,27.2,415973.0,8.1,10.0,48700.0,4.1,6.2,6.5,7.7,7.2,8.1,62.7,29.3,65.2,51.4,31.4,11.6,21.5,23.0,9.0,69.0,21.4,25.3,1.8,74.9
Holendrecht-West,2726.0,19.7,4.4,55.0,25.5,55.8,100.0,0.0,225865.0,8.7,25.0,28800.0,3.4,6.4,6.7,7.0,6.4,23.0,71.4,44.9,46.0,59.5,38.2,13.3,31.7,2.9,28.2,51.0,32.6,20.6,0.7,75.6
Holendrecht-Oost,2478.0,28.8,9.7,51.7,13.9,37.2,27.5,17.4,344728.0,10.2,9.0,45900.0,4.8,7.2,6.6,7.7,6.3,10.3,55.9,37.0,63.8,53.1,24.6,7.3,18.8,16.4,6.5,57.0,16.9,14.7,0.9,48.5
Holendrecht-Zuid,4267.0,12.4,4.9,54.1,25.1,47.9,84.1,3.1,250680.0,11.8,20.0,33200.0,4.1,5.8,6.8,6.5,5.9,18.1,70.2,39.8,52.1,57.0,36.8,13.5,28.8,6.1,18.2,57.0,30.0,19.7,1.1,79.1
L-buurt,2897.0,21.0,17.3,47.7,10.0,56.2,19.2,40.4,258401.0,5.4,9.0,38600.0,4.0,5.9,4.6,7.9,7.1,9.9,62.1,34.7,65.2,51.5,28.5,9.3,19.8,20.6,8.1,63.0,11.4,12.1,1.5,41.3
Reigersbos 1,2014.0,11.1,9.7,48.8,15.6,53.9,56.7,8.8,262722.0,9.1,20.0,35900.0,4.6,5.8,6.0,7.8,6.9,12.7,67.4,36.6,58.9,53.7,34.1,12.6,24.9,13.3,13.4,62.0,31.8,13.8,1.5,67.7
Reigersbos 2,1526.0,18.4,9.5,49.9,11.6,63.5,52.9,12.6,233756.0,10.5,18.0,31400.0,5.5,5.7,4.9,7.4,6.2,14.9,68.6,38.1,58.0,53.1,33.5,12.2,24.5,10.0,14.4,58.0,27.5,11.7,0.7,64.1
Reigersbos 3,2410.0,19.4,7.7,51.7,15.5,52.1,63.9,5.3,269250.0,11.6,13.0,35700.0,4.2,6.3,5.7,7.5,6.3,14.2,65.2,37.7,57.9,55.2,31.9,11.0,23.8,11.0,14.9,59.0,29.0,13.7,1.5,66.8
Reigersbos 4,2505.0,21.2,8.5,49.9,12.4,42.7,45.7,16.2,331103.0,11.0,14.0,43300.0,3.6,6.8,6.2,7.6,6.4,11.0,58.9,36.9,62.3,54.7,27.7,8.9,20.7,16.4,9.6,58.0,22.8,16.1,1.2,53.6
Gein 1,2969.0,15.5,9.4,50.5,18.3,57.7,65.2,14.9,233013.0,11.8,19.0,31400.0,4.7,6.0,6.8,7.0,6.4,15.1,68.7,38.2,56.3,54.8,35.5,12.9,26.7,8.9,19.4,58.0,29.6,15.8,1.5,65.7
Gein 2,1666.0,9.3,7.3,52.3,22.8,49.9,63.1,14.1,246180.0,12.1,22.0,33000.0,5.6,5.7,7.0,7.3,6.2,15.0,69.7,37.8,56.0,54.5,36.7,14.0,27.3,10.9,16.2,58.0,27.6,18.1,1.1,74.6
Gein 3,3229.0,22.0,10.4,48.5,7.9,26.9,0.0,5.0,357204.0,14.9,6.0,55000.0,3.2,7.3,6.2,8.5,7.5,5.8,49.7,32.3,73.0,50.5,20.2,5.8,14.6,21.4,2.3,62.0,15.8,13.8,0.7,38.4
Gein 4,3344.0,20.0,8.9,52.0,15.8,42.2,51.5,23.2,302471.0,13.4,14.0,40000.0,3.5,7.4,6.7,8.4,6.8,12.6,60.2,37.9,61.2,56.5,28.9,9.7,22.0,14.4,10.9,59.0,24.2,15.4,1.0,55.0
