gebiednaam_x,Factor_1,Factor_2,Factor_3,Factor_4,Factor_5,Factor_6,SoVI
Planciusbuurt-Noord,0.4699057288344302,-1.0841071564160842,0.33937182118985415,-0.1057990479576893,-0.22838742364189946,0.1633260235073281,-0.02805433787496802
Westelijke eilanden,0.04056767201066643,-0.5095120534520599,1.3266261222384506,-0.65518760249047,0.7293337873325209,0.11755593924245389,0.11171890141218441
Westerdokseiland,-0.5239350477782514,0.1707460045888625,1.0947143067197027,-0.24857596431800555,0.4192444842587913,-0.19199145449440136,-0.01782672069990827
Planciusbuurt-Zuid,1.242257651766003,-0.4763978415453924,0.9026594875689371,0.5044622639525993,1.2108952881124877,-1.0890327205468462,0.6229703941163979
Haarlemmerbuurt-West,0.2326694473009821,-0.5886891231911776,1.315673871185167,0.015384764453533395,0.5229767008802552,0.40098875963814795,0.21676524291112498
Haarlemmerbuurt-Oost,-0.28093972360938935,-0.826758680485646,0.5162842979792038,0.07809649674688324,0.49104384659903955,0.7521020568176597,-0.12454485966775111
Marnixbuurt-Noord,0.16060199426630228,-0.7774469239033672,-0.7315334805151781,-0.38309871146276375,0.9725700258807284,0.523865557685426,-0.09226299074294189
Driehoekbuurt,0.2990347901148592,-0.7613161718324353,1.477962736135057,-0.06770769955211613,0.2877657507451059,0.583980341445028,0.2050325497721458
Anjeliersbuurt-Noord,-0.06289352920354961,-0.36439110936324326,2.0911368698134107,-0.0412548464869739,0.16497145972675387,0.3791723402979455,0.20139054847846471
Zaagpoortbuurt,0.9051887827475008,-1.15284259642534,0.5080676785165865,1.0833303743915104,-0.21419636734466713,0.5435093022991118,0.27115880786852253
Anjeliersbuurt-Zuid,0.23381392237034884,-0.6136033865566116,1.4223037585330587,-0.06264854880947492,0.7155785893979512,0.5438647093742247,0.2490142777728146
Marnixbuurt-Midden,-0.7286939686345444,-0.6060807685555873,-0.10045992728767715,0.48695712913943645,-1.2749239188092976,-0.5287689031281954,-0.5744969516994501
Bloemgrachtbuurt,-0.08018364220571979,-0.7182553989947559,1.1308230188093118,-0.21776165154889418,-0.03507611372183184,1.1113594397952231,3.5244884714499825e-05
Groenmarktkadebuurt,-0.4752025930170626,-1.3798563476372543,-0.3153590911370717,-0.9273193703492356,-0.6933017541189629,0.15214290363011115,-0.6757094321345225
Marnixbuurt-Zuid,-0.22391554606195818,-1.3561479641222405,-0.19659870657019965,0.8452276348509227,1.5288702372288936,1.6078353806903063,-0.08566578813427521
Elandsgrachtbuurt,0.3008767818571513,-0.9688673649464001,1.7335747336407912,-0.2593963786780484,0.6374123302600171,0.1406503892575054,0.19064215947561847
Passeerdersgrachtbuurt,0.019909176856951177,-0.9098867178102553,1.5869628823897044,0.5830684915543949,0.657132070136561,0.3490818347295607,0.15092138814826792
Langestraat e.o.,-0.774469870752267,-1.0461065496065252,1.002581069523882,-0.38748353377629596,0.6293323577034207,-0.32016107568404545,-0.39376119878870014
Leliegracht e.o.,-0.21077245257540766,-1.416177369202446,1.0806532371687312,-1.200350575612039,0.21870158571152765,-0.8567721978269022,-0.37679319323594684
Felix Meritisbuurt,-0.42048561827201114,-1.3591065000340672,1.02852541372973,-0.7700092361626013,0.24351526201013196,-0.5864532639352178,-0.40376963834163015
Leidsegracht-Noord,-0.9136474902272687,-1.117177545289385,-0.39996893008350354,0.016718059383821114,0.24694906170527223,0.3534693045117432,-0.6176642391018068
Hemelrijk,-0.059786177700196175,-1.5234296522724207,-0.13320280450923733,0.8713573204904351,-0.7784450173503926,0.46048958601730594,-0.3669803002476262
Nieuwendijk-Noord,0.008556851263071225,-1.3944736047809032,-0.12416804878762626,1.2311392359559172,-1.4799021861628368,1.782775491499634,-0.2813157631830467
Spuistraat-Noord,-0.20697112223585143,-1.8326322232872112,-0.67671669555464,-0.7510442320712745,-0.6088757947856549,0.1576660338363977,-0.6899408885276732
Nieuwe Kerk e.o.,-0.4356968605551261,-1.1461470532154134,-0.4587944324878977,0.9057252507861612,-1.3651446534525131,1.8510776551070993,-0.4583815981826257
Spuistraat-Zuid,-0.06297927995087198,-1.3566729996891382,0.18029322157404953,0.273669084226133,-0.7667378586462453,0.8260680733219405,-0.31491891897887636
Begijnhofbuurt,0.0064876484698543424,-1.8302388271816719,-0.25284925057825797,-0.8819035643978816,0.1518296410455501,0.6810211163367491,-0.4441140741778449
Kalverdriehoek,-0.40066383173259446,-1.4885585064029738,-0.2431236238030031,0.5243213778819026,-1.0606659241393037,0.2690074937300504,-0.5807421970009068
Kop Zeedijk,0.003004581298909116,-1.4656399068516275,0.411377468348966,0.0767337623505575,-0.6137670249553956,0.23916100567330242,-0.3153221429291301
Oude Kerk e.o.,0.022324027701361444,-1.6916561416795048,-0.9073913724715278,0.09242797153862496,0.21251549455968943,0.3452911967304059,-0.42892935096726426
Burgwallen-Oost,-0.10772274131430389,-1.4609759319998532,-0.8035512353332683,0.333776738739168,-0.17628301714727476,1.416028721410771,-0.37857183099083613
Nes e.o.,-0.3927610746734588,-1.3647558389062977,-0.184972689441673,0.14030963525314802,-0.9527314306467188,0.517356536300935,-0.546245399277489
BG-terrein e.o.,0.06558536905793227,-1.1466127907741563,1.070310370322985,0.3816186034729665,-0.2064695648508197,0.5613043704461137,-0.04745239729649422
Oosterdokseiland,-0.6014478672145248,0.1086412307254602,0.03350825233864991,0.5013170878712592,-0.8904523436144427,0.419267934298106,-0.24954905943913294
Lastage,-0.09929310480452716,-0.8965606514229101,1.564938009633297,-0.5519774596903165,0.23422701078281993,-0.329760310343877,-0.0719168760684568
Scheepvaarthuisbuurt,-1.1267770914748338,-0.8300918033057966,-0.4590051107981115,-0.4203619239761444,0.1300185028836303,0.7307071566779183,-0.6731472277733171
Rapenburg,0.28112086120042534,-0.7421402923255632,1.309849890579859,-0.7149294684876322,-0.6945976364887874,0.16842553424523207,-0.002495813239947905
Nieuwmarkt,0.742938647287373,-0.8559349406913699,2.287969652314076,-0.5077464270831166,2.1574052222597584,-0.31363046430275215,0.5870739969793382
Uilenburg,0.18323494766074333,-1.1215783177078245,1.1671662739676947,-0.681862988801321,0.7322663179046108,-0.6816559810958069,-0.034317888657203914
Valkenburg,-0.4461791307274396,-1.0586197503476316,0.15172267902062486,-0.13414652851242026,1.033917267085755,0.6481585048277191,-0.2523010476629458
Zuiderkerkbuurt,-0.006794843472852249,-1.0475844016641016,0.8900547374941331,0.6190530280630983,1.185602142672524,0.7981429799534707,0.10726915952364471
Waterloopleinbuurt,-0.2199799742046887,-0.92306422584762,0.20732324229992696,-0.07329530238353892,0.87181664586768,0.30618093533400914,-0.15697365401255772
Leidsegracht-Zuid,-1.1324061313099096,-1.1634583472495885,-0.4610104083830687,0.2632494534061063,0.11855713420013583,0.7816825636520998,-0.6940399262967091
Geelvinckbuurt,-0.04851151803893574,-1.6871412002900086,-0.18428147842555734,0.5023275091442413,-1.2040047284434081,-0.3139119934464805,-0.525986351374568
Rembrandtplein e.o.,-0.1398652195510908,-1.292421000911189,-0.29147284457308786,0.36573439965501414,-1.6867031818088283,1.1674713341822314,-0.46674253227678186
Spiegelbuurt,-0.8852279807434669,-1.0668820308898757,-0.19047873919852726,-0.13914397871088552,-0.461494141044498,0.6331114242091764,-0.6417116065906228
Vijzelstraatbuurt,-0.9857018963838392,-0.9552361975032236,0.806395885230813,0.008316026181820774,0.3794224760735401,0.6663108102731272,-0.42334409567505443
Amstelveldbuurt,-0.8534677455573227,-0.7039199584287984,1.1644095461930295,-0.2173777849627315,-0.054109019805938324,0.21793245478660478,-0.35999553915973104
Leidsebuurt-Noordwest,-0.3052515071401861,-1.3421519669773927,-0.06819706760965932,0.5567199992215506,-1.651553705010754,0.31805449225159543,-0.546981927671469
Leidsebuurt-Noordoost,-0.4069660285283126,-1.70904445305513,-1.2404743452915736,-0.18515766267438144,-0.9734286834968995,1.1051883097402349,-0.7568634915402358
Weteringbuurt,-0.3238578178155835,-0.9023534389899841,0.9820092242225781,-0.6273244171933259,-0.37281843839904794,-0.7367607042903002,-0.33580489887968656
Utrechtsebuurt-Zuid,-0.487016039519179,-0.7298752696625322,1.4945827264508544,-0.011422096354661267,0.08468775013087987,0.693135142428265,-0.11559958401787201
Leidsebuurt-Zuidwest,0.145595483928951,-1.1207598997207606,-0.007562178456124678,-0.083613642730155,-0.37407172398821914,-1.1939427215831082,-0.3061389968056962
Leidsebuurt-Zuidoost,-0.5729089171435789,-0.8200744336923289,-0.27045373263210637,0.004795031960560391,-0.19681686663106024,0.3935074644556267,-0.445145917214675
Den Texbuurt,-0.75354037776382,-0.5380546322992734,0.8132560101656638,-0.11846156075690706,0.13110322324354548,-0.18707328491511074,-0.3241151108552075
Frederikspleinbuurt,-0.49086863581453805,-0.6173986827063342,1.9922089488178538,0.03721879980888768,-0.20380575816955865,0.34521735086943833,-0.07664106705155402
Weesperbuurt,-0.1909712181736989,-1.0604162228824299,1.0146310754317611,-0.2671672867854292,0.5076922651223225,0.32520894311093523,-0.12530557970819806
Plantage,-0.7080274652589362,-0.8545940755404992,0.8513600470238034,-0.4829771703638664,0.5952016114460006,-0.6254948060166551,-0.37340326632079496
Sarphatistrook,0.0908161849080307,-0.8318907381574653,0.9326209266158212,-0.7871675156340435,-0.14094048678539087,-0.6171911889742675,-0.13876325933977146
Alexanderplein e.o.,-0.6756983681409917,-0.0691640818758965,1.3730071621927695,0.17586587975465512,-1.0666740585757504,0.14191078328235407,-0.20689633896503376
Marine-Etablissement,-1.2657088005456558,0.8970244155744675,-0.17854163102565496,0.7696280112433244,0.43882519537469,0.3851642012948401,-0.20740060717767556
Kattenburg,0.3159304399657067,-0.27751339438839234,0.2543836367976928,-1.0536504544541252,1.7247606298599771,-0.41986064604588974,0.18278384292549707
Wittenburg,0.3729447596568317,-0.25907154346906247,0.5082002790740049,1.3612496273219064,0.9059728118721185,0.9622224481193662,0.4216114808643067
Oostenburg,0.4634352712099239,-0.0882468580826816,1.091375307808105,0.35810058576165493,-0.3420160194305015,0.6461772285971513,0.33712948110420965
Czaar Peterbuurt,0.6628405866044049,-0.49442019948165916,0.5319683204588987,-0.2596115082221121,-0.05714246454488735,-0.0005252043500392311,0.20171631420256178
Het Funen,-0.7175949082231547,0.5330170818820594,0.5873629211131999,-0.2801774376856108,-0.515081122101226,0.12591714692383343,-0.16858540167515407
Kadijken,0.08543214258025643,-0.6052823497702972,1.710726608939713,-0.33886214216844196,1.212433240677578,-0.004307134782504187,0.22895732494038581
Kazernebuurt,0.4138521236847087,-0.4554811188710089,1.2211391535174188,-0.2562044047318255,1.5246700457951752,0.02699162480291312,0.3742651118108629
Westhaven-Noord,-0.9883442461367359,-0.7477187463170908,-0.7617502870498618,1.376184741199868,0.539447153756123,0.07923158008868364,-0.49155258778462124
Minervahaven-Noordoost,2.0233446855135586,-3.6584335615781445,-0.06078163418778465,-1.6095432504246576,-0.013968626309989069,-1.5397957066059231,-0.21012704712604946
Isolatorbuurt,0.4756935552013133,-1.7518461302082777,0.002838669374603182,5.211903819211364,-0.7284421832113532,0.8875481867213865,0.18530528564977705
Contactbuurt,0.46963881029228804,-0.7321423653057121,-0.27306439163289953,1.1071510786991279,-1.2191820421023585,0.615530229336712,-0.017876059901746226
Woon- en Groengebied Sloterdijk,-1.3226203514446322,-0.27022494637215877,-0.2639621684471411,0.21607053839420443,-1.5248007044442127,-0.48612714260516343,-0.8082055366768298
Spaarndammerbuurt-Noordwest,1.0087110852230208,0.6388828947037477,1.4785092555220012,0.05180240524668416,-0.3223031895539548,0.2852802847802356,0.724697138304968
Spaarndammerbuurt-Midden,0.6985304729652203,0.26253948762992935,1.1936340656425084,0.06135811612952929,-0.7036460410914024,0.2801064452973292,0.43819875663199165
Spaarndammerbuurt-Zuidwest,0.5155437185447257,-0.48280719790375864,1.2053011821172146,0.03445604336875074,0.7597682614098985,0.07568627187009035,0.34870784681901795
Spaarndammerbuurt-Noordoost,0.9535900660818443,0.16025435440803246,0.8580098159216895,0.26496544285955287,0.45184822946741204,0.5492075377990797,0.6344037791500785
Zeeheldenbuurt,0.5419572514963453,0.3484952106662466,1.1258350670574468,-0.11371021004221583,-0.323251547194754,0.04379517866697551,0.39931802181394505
Spaarndammerbuurt-Zuidoost,0.3659677056411442,0.043283689263157475,0.5507662610412399,-0.2666661002029097,0.030441462892978183,0.6631279183066938,0.2502263264864386
Houthavens-West,-1.4890919564801428,0.8256308930527199,0.5739346457821389,-0.2487657966752685,-1.5460260185438695,-0.6215062436767573,-0.5731159869597826
Houthavens-Oost,-0.7750167816635862,-0.28719100247784,1.0568160961485855,0.5631413973964581,0.966799316394141,0.26201433779541033,-0.07494004490731754
Kolenkitbuurt-Noord,1.0259575506586547,1.029374034164037,-2.410695693051772,-0.49439018045825284,-0.3541555819836389,-0.8974948252103075,0.2003953489872537
Kolenkitbuurt-Zuid,0.9810011579488602,0.5683639536309186,-0.24036501847265274,-0.3803724044725439,-0.16049438829106766,-1.1594561151886569,0.37560022250640357
Laan van Spartaan,0.039121956318494015,-0.2899677469246935,-2.1140638770690257,-0.9869934716811332,-0.7776740747765899,-0.6851769219396006,-0.5231281490389681
Robert Scottbuurt-West,0.7956606340766609,-0.8552992816489148,-1.2014333636642085,-0.5073507943187274,0.3303999947669925,0.7686679407509017,0.021124391410193136
Bosleeuw,0.8403897939201701,0.13426635821356586,-0.9710949519716514,-0.6771887364142524,-0.10098159053265998,-0.30204203671673185,0.16286040337033986
Gibraltarbuurt,0.8907641359079932,0.09494351293365355,0.12507008598003175,0.013669262678190196,-0.4953577823742584,0.68155535202341,0.3841256884883425
Bedrijventerrein Landlust,-0.4593209983748315,-1.03967980513456,-0.12415142699592241,0.23980704362439,-1.410860559389259,0.303110913895406,-0.5491347630292824
Landlust-Noord,0.8918823052825341,0.20324023217434786,-0.5583971099157875,-0.6365888355744319,-0.24798258656657274,-0.8660595394172635,0.20594851126297908
Erasmusparkbuurt-Oost,0.06133474544401658,0.5640844268702707,0.5391017953895632,-0.27209319054846415,-1.0141213468872183,0.2816879427435687,0.10215946510713965
Landlust-Zuid,0.45750495317683887,-0.09323155913579022,0.33635561803005337,-0.5743035200300182,-0.3819879424543939,-0.9812965007493231,0.06373037744055782
Robert Scottbuurt-Oost,0.2098069200291017,-0.018764386676653356,0.11875695575192352,-0.2242369487284791,-0.6744026929599664,0.4089730580775375,0.02850775261240506
Erasmusparkbuurt-West,-0.16893347084928098,-0.1538288852414807,-0.0457206405563201,-0.4976776568838788,-0.9369010767669597,0.16362204237337732,-0.24023208131301968
Bedrijvencentrum Westerkwartier,-1.2341721220802175,0.8040194841360163,-0.40800505024224637,0.6499049566615569,-0.542198134331183,0.2958159305424069,-0.36714210621010634
GWL-terrein,-0.07126079056641199,0.6630849754219028,1.2736058243755637,-0.3507050555637895,-0.04650553805133653,-0.01774845412032599,0.2477190816118607
Markthallen,-0.43172031695434887,-0.5547368745501539,-0.21652448707713282,1.5181527762279772,0.9907956868051395,-0.019265296109297985,-0.09863126051498751
Marcanti,0.21565570510786963,-0.29705356370493013,0.012960517879258063,-0.5851010437349928,0.28083876470970737,-0.04565936523587939,0.006367480534524406
Westerstaatsman,0.4678443561761254,-0.37465756577709525,1.0617870030896701,-0.19611187129530827,-1.117087611888093,0.4837583147969953,0.13424912946419953
Fannius Scholtenbuurt,0.6830924450618997,-0.2622026467109366,1.1073380663544234,0.031366928219713666,-0.6227071739478296,0.6422611954231306,0.33334010274811793
Staatsliedenbuurt-Noordoost,0.9825567856706185,-0.4346208598015928,0.47265101176638097,-0.6158339840975213,2.2663658555472685,-0.5768731224409595,0.5306188333094449
De Wittenbuurt-Noord,0.4653857298821439,-0.3103382566575177,1.4191721911245705,-0.415704906105511,-0.25207040655925844,0.10158110406430337,0.2491039632980341
De Wittenbuurt-Zuid,0.7795773806885509,-0.5651182827011435,0.40299044018349667,-0.03477346773329365,1.7823808787141113,0.31824989179741,0.4553429181748239
Buyskade e.o.,-0.027444038759131033,-0.22291885311707957,0.6927018588219054,-0.45913944741956003,-0.3254650425526592,-0.12417037747758028,-0.0495598457291024
Frederik Hendrikbuurt-Noord,0.16865111554057732,-0.5472115345951003,0.7228726272576494,-0.5537641458147615,-0.3264372155389495,0.07047347555110736,-0.033606806737840875
Frederik Hendrikbuurt-Zuidwest,-0.18782149208000887,-0.4103638996520353,0.6306303267997048,0.06286505450702846,1.1939753424711126,0.8685108456151388,0.10237466750000455
Frederik Hendrikbuurt-Zuidoost,0.407900474469352,-0.6324379963693617,0.741379692181203,0.5643012103490872,-0.49157806030762363,0.4287597062508514,0.13673033406418417
Mercatorpark,0.5854849324613612,-1.2515069975655533,-0.15695643332816422,4.533421534520978,2.3521559379512804,-2.6518800401560427,0.39726388570101856
Orteliusbuurt-Noord,0.5418556552668746,-0.1655029034788001,-0.12734440838226105,-0.22645737984223277,0.2334382217500229,0.45522716405050034,0.20130897463108774
Jan Maijenbuurt,1.0047446417863126,0.039556243063065676,-0.42172561752202337,-0.11756777129658913,0.08734628325436582,0.5403837403302217,0.3931522046007066
John Franklinbuurt,0.643348766717769,0.006424240503243126,0.4108486335739834,0.20456894301406084,-0.3268689581040366,0.6243027681177257,0.3314149365805877
Pieter van der Doesbuurt,0.6203114763096946,-0.11802189126559152,0.5052353860952211,-0.28734722060907175,-0.3330870071534074,-0.12364392324942335,0.22403452691159767
Trompbuurt,-0.24126156657742948,-0.20070457849936876,0.5584006416565378,-0.816368657232723,-0.8341305625253721,-0.41337478799766725,-0.24926391962503472
Geuzenhofbuurt,-0.3894550042794244,-1.126783321981731,0.25522542592489406,-0.9850699338442683,-0.847684217924292,0.6218229251026228,-0.5056770978976577
Orteliusbuurt-Midden,0.30850839878266606,0.07463259973717459,0.6592457371385889,0.08681668142504456,-0.6681866182906246,0.1855038810438258,0.17044670536570725
Balboaplein e.o.,0.3580277281079488,-0.2639454015005366,-1.123562467784069,-0.22506883202355885,-0.14146927427039904,0.5719244122015961,-0.05749554176468311
Orteliusbuurt-Zuid,0.039406729600055174,-0.6770376036173136,-0.1284772999554956,-0.5041329711511124,-0.22818751443471214,0.357992627640997,-0.1926999665761344
Columbusplein e.o.,0.9517731076749382,-0.08776290659344561,-0.07227408132237635,-0.19094592860597032,-0.021233705425326113,0.07410856119607133,0.3437654342014255
Filips van Almondekwartier,0.04661911003738847,-0.244031147131501,0.5830416557348838,0.044867601896723106,-0.8585456697625032,0.4115492694959721,-0.026333109349198146
Kortenaerkwartier,0.09700169901442723,0.10691626270274054,0.5096017553975375,-0.4760775839324677,-0.4235642357670188,-0.20091128298308514,0.0330625522686103
Van Brakelkwartier,1.0102755845219495,1.1418550025403311,0.8326336011679919,0.19129583214793766,-0.8806878128709826,1.826929855512939,0.7925479595868963
De Wester Quartier,0.7610115732718937,0.44864998541360024,-0.23997368608015232,-0.4548501854025557,-0.42236716623030945,-0.13719098514329411,0.2857537360818533
Bellamybuurt-Noord,0.36808063939988483,-0.5840262860299679,1.3768308184577414,-0.21627368707506572,-0.29123200892833107,-0.6347364039643222,0.11206666462478782
Bellamybuurt-Zuid,0.22701301656086204,-0.6239880676229622,0.45992167146421625,-0.5237974932147419,-0.5943533569577696,0.1315450285453039,-0.08432640642081321
Da Costabuurt-Noord,-0.17041696978987497,-0.8169159401822047,0.42626773866638196,-0.7266177085545912,-0.0885378803621438,0.1811405144837881,-0.2491440660431626
Postjeskade e.o.,-0.16797107923427196,-0.13415672052106975,0.9466504388459648,-0.6492228328641575,-0.7672980504425368,0.14516341601918545,-0.10173815563750692
Paramariboplein e.o.,-0.27640001094914296,-0.045454172084022415,0.6623187141120462,-0.5192989467128065,-1.073868595268291,0.13589811919453768,-0.1869614613855582
Lootsbuurt,0.7891353395693876,-0.3795972785417576,0.8529176988592854,0.3617636188676033,-0.09961353072520562,0.5281462642989675,0.39417821071451875
Borgerbuurt,1.5094117035168935,-0.18820808408352543,1.078812688971608,-0.4978198173788152,1.7801802363940302,0.24933310390260865,0.8804221928511015
Da Costabuurt-Zuid,0.13779898553589037,-1.2963398749467114,0.34071860334732174,-0.5980191915034696,-0.3682656309911852,0.38822751650299764,-0.24939899234196278
Cremerbuurt-West,-0.09848872560677599,-0.637848122621492,0.9253925886670701,-0.5698577084621352,-0.9639756004191703,0.18951045013160628,-0.1999100377535216
Vondelparkbuurt-West,-0.42268075292974433,-0.456492763183132,1.0555489042917179,-0.7405985126782726,-0.1924570878852741,-0.5065898788453216,-0.24378146462371292
Cremerbuurt-Oost,-0.19352499453353827,-0.6508242090697116,1.2293815760818092,-0.8891512254956011,-0.807772104956429,-0.9839543925132298,-0.27859939368183206
WG-terrein,0.3002872576075372,-0.5630643867193154,1.4979545567309933,-0.52328613834693,0.8427307285788962,-0.22729041812564235,0.2296411773542122
Helmersbuurt-Oost,-0.7377421838299228,-0.6188226902154081,0.46022518785715116,-0.7073602813969796,-0.8828532555798082,0.310792920832737,-0.5090998893071381
Vondelparkbuurt-Midden,-0.29868341714028707,-0.09222149088103365,1.1162585679603927,-0.10402034524456455,-0.1359034526698867,0.598587134751922,0.01494389398789154
Vondelparkbuurt-Oost,-0.6665641225141745,-0.6445397311472709,0.5863294738344973,0.15425707449643467,-0.3300750121798135,0.6532904730167065,-0.3217369157453072
Sloterdijk De Heining,-0.8048184544108197,0.21888892096420515,-0.3828621522819934,0.998706544916506,1.2065365037307567,0.08652939416121071,-0.1115300336407583
Sloterdijk Poort-Noord,0.5911662835272299,-0.47259269004498755,0.40923696934409437,5.354010108300064,-0.7547955997950606,0.28078429122882337,0.538113965808995
Sloterdijk Poort-Zuid,-0.27087430294583437,-1.3454776543302245,-0.276704433588106,3.587366886596048,-0.48196356626053927,0.5791321238313686,-0.18096962908411993
Sloterdijk Donauhoek,0.731274187526651,-0.34678677063540386,0.11752472110999661,1.2817136134455491,-2.124593614047087,-0.07449177999857512,0.09653962226680517
Sloterdijk Stationskwartier,0.7458192207341586,-2.9395649174514213,-4.676340815023629,-0.08859947698443563,-0.2603474420926923,0.22111755142145212,-0.9698755542827856
Osdorper Binnenpolder,-1.3723696552871598,-0.43775699950955277,-0.7174567686414772,1.5277480846979687,2.2424386997444463,-0.08428593618359025,-0.38363960827142884
De Eendracht,-0.40541764302944466,1.3897580927222428,-0.9335899092124332,-0.23095347776811026,0.4876116034220527,-0.6687647026306518,0.017314513585039423
Ruys de Beerenbrouckbuurt,1.0329853214102116,1.0882826194467707,-1.7427425560133947,-0.49572771817526445,0.24231232064414426,-1.409126550060519,0.33779174539186113
Eendrachtspark,0.7477323507374385,0.21635128499855819,0.3168224344559623,1.8110065389022738,0.006232138548672329,-1.0472550748784255,0.4710803768783294
Van Tijenbuurt,0.3969498565277669,1.286475321938095,-0.6194809375279943,-0.2813984858676932,-0.030296782523875684,-1.4764589475865424,0.25153725799223436
Dudokbuurt,1.226930869597803,1.1018947547295543,-1.7623763739864184,-0.4376007706461267,-0.39008201349942784,-0.6376005957631163,0.3970257977147288
Bakemabuurt,1.1290706869900036,1.166512132705603,-1.4997086795496242,-0.11683565766313322,-0.46718008570121583,-1.0218690909195776,0.39939783219532327
Wegener Sleeswijkbuurt,1.7415767602221597,1.276542760692404,-0.5249178754319824,0.01375228278121558,0.6920791689223058,-1.3259640444853382,0.9170173119331038
Jan de Louterbuurt,0.6207395766290995,0.4311189577808528,-1.2469453615412045,0.05787418995430261,0.3465205084904554,-0.029416389015326297,0.22603487925950871
Lodewijk van Deysselbuurt,2.090646872308725,1.446162858706093,-0.8102837566729169,-0.1929048021184413,0.09616929951102032,-0.7561025254834655,1.0106174868684932
Confuciusbuurt,1.23330291541913,1.0710584589386507,-1.6940612312258534,-0.16568315910627812,0.2816288131552639,-0.582631540916377,0.4999043446411822
Arondeusbuurt,1.4480163917229547,1.278165745678275,-0.18714214393300352,0.38826004953168297,-0.24148069318426454,-1.3900191781457212,0.7648094461697617
Coronelbuurt,0.775334834131365,0.715900154384812,-0.9692431362795639,0.7815734290408315,0.4214089328578198,-2.0150968270676515,0.3349021710481432
Meerwaldtbuurt,1.2262887950994736,0.8394313449542466,-1.6409446026848415,0.8891713112320562,1.0118579484577268,-2.274647148729252,0.5159981921713452
Dobbebuurt,1.4928273883765202,0.789371794571718,-1.26981069047486,-0.17461712663886575,0.14501337428194544,-0.7503300844972648,0.5721832925925455
Dichtersbuurt,1.9221840694642547,-0.20775193976255532,-0.5964775069412107,1.2749086080327603,1.9416913084131868,-2.571252871773231,0.817084754482113
Louis Couperusbuurt,1.6691766347206023,0.40120032967031816,-1.3870842257779958,0.19364196853353935,0.7054497831833951,-0.9103413125391658,0.6240140214461072
Noordoever Sloterplas,0.14399725778801234,0.3662021513184473,-0.439931956309296,-0.4173018088938754,-0.2843301718051705,-0.03624416239829235,0.016153216134292197
Osdorper Bovenpolder,-1.266786093928439,0.3150442894787254,-0.5989422415573459,0.5900424776747666,1.6015111055948947,0.16501499072452297,-0.28897234892747
Ookmeer,0.602076319797331,-0.033704169379340045,-0.0035958856140425022,1.5681882689124347,-1.1026915875556356,-0.6516879372418616,0.19821737938285738
Bedrijvenpark Lutkemeer,-1.206888804782008,0.7665052451137528,-0.3799352166144537,0.9401767357862763,0.34694038281670575,-0.017426766545041984,-0.2587433133387196
Middelveldsche Akerpolder,-0.03531273014701851,1.2256538380265958,-1.113734538807242,-0.4630761664930517,0.49172044362121126,-0.8275686367498575,0.08087460833404811
De Aker-West,-0.7019013152762182,1.162954083908267,-0.5058670158537247,0.012378233054435701,-0.27840482661008903,0.11847245816755236,-0.11644673523478102
De Aker-Oost,-0.6964531080598461,1.2741914804931966,-0.5826405644667776,-0.17830596542592836,-0.4003555169084626,-0.011827340051981544,-0.1355974800702174
Bedrijvencentrum Osdorp,-0.4858871105994182,-1.461038134982541,-0.004285639037778841,8.329859791148582,1.2069758865063611,-0.5637785401996046,0.22928486340694262
Dijkgraafpleinbuurt,0.2811036264958372,0.2346349004091565,-2.3007251909719058,-0.31986279280133484,0.5103429226636329,-0.43894608089636694,-0.125943027530769
Reimerswaal,1.6979495101163757,0.9764232803229509,-1.576480999319349,-0.734899707907099,1.2555017584037709,-0.6180105968429761,0.7430952894339381
Botteskerkbuurt,1.3852801588263803,1.061092308995443,-1.2906396958757966,-0.7872162168800902,0.09624257681564484,-0.9562669290619914,0.5205732314134993
Zuidwestkwadrant-Noord,1.2381918997308397,0.6153203685402009,-1.0943836850468873,-0.46404839908048295,0.5335970274620564,-0.8593998716469082,0.46732296326521017
Zuidwestkwadrant-Zuid,-0.24789122147594797,0.4124346573735218,-2.116098365954106,-0.5458772474475614,-0.1749501373237977,-0.4201817496659397,-0.36901165392117063
Wildeman,1.615911128771003,0.7202376285817591,-2.2486816893835724,-0.40702916179480236,1.937274878834413,-0.6518097158989211,0.6653985622224545
Meer en Oever,-0.23848702111502534,0.1378956513393272,-1.2064330347471355,0.11869589146277788,0.8522966265544896,0.3460517067664987,-0.09851673548672676
Osdorpplein e.o.,0.1762873145267632,0.10241808599285283,-2.577278918252375,-0.41331981889685865,0.012268639596409453,0.10466956358837623,-0.26321691388473534
Calandlaan/Lelylaan,1.0363101356152276,0.49331172632869463,-0.012446195826584298,0.6017304997435647,1.7380561388113849,0.09229220036290199,0.769639734810155
Osdorp-Zuidoost,0.2647985980079486,-0.12521043417541802,-0.6326627097373402,-0.728110119316022,1.4354327582929445,-0.3293446807129306,0.07996233198954983
Oostoever Sloterplas,-0.7489323806044192,0.7157989215068573,0.35333706822392624,-0.2813148332467299,1.0780484859366284,-0.012608390121805426,-0.004271835730640262
Emanuel van Meterenbuurt,0.14259334849282448,0.7434625921572847,0.1547539453135922,0.38041502695698637,0.08302618143590305,0.6073211401966244,0.3154592235073092
Jacob Geelbuurt,1.590800369685923,1.1872005928014564,-0.8087225537669233,-0.08543881548786063,-0.63393799916934,0.02186516138189869,0.725352003934537
Lucas/Andreasziekenhuis e.o.,-0.06107209002483159,-3.276589161797479,-3.5828273802354937,-0.4802710635034241,-0.3155841462168851,0.4017465680316556,-1.255404539949708
Overtoomse Veld-Noord,0.7362306240245454,1.149465084903571,-1.7881326315373374,-0.2984836989792655,-0.5499416160124084,-0.15674166597988637,0.2270400570363747
Rembrandtpark-Noord,-0.34922879469251583,-1.4786923090462938,-0.48268154206085906,-1.103892304815955,-0.4944356106650596,-0.3310489984077574,-0.688269357024401
Overtoomse Veld-Zuid,0.150422589335946,0.1508913475455446,-1.5851164592516527,-0.29055111710635245,-0.8165386844255028,0.5735831334994266,-0.18913349781915795
Rembrandtpark-Zuid,-1.1310712520545485,-0.7310809685636639,-1.42006771739762,-0.385611237404196,-0.8215785313237743,0.6142338453235345,-0.8858949209882995
Johan Jongkindbuurt,2.5829437664897417,1.3052871556310686,0.5300321366732929,0.4259632995778203,-0.8215383850663582,-1.232170589538235,1.2710112771553768
Louis Crispijnbuurt,0.6518059832523446,0.6037704052381336,-1.037258775002195,-0.38372165491207727,0.9201084634800608,0.11606895508168746,0.3408860194765876
Jacques Veldmanbuurt,0.19951860841405766,-0.1682084931932584,-0.9589518673809451,-1.011322016570519,0.35879233850982994,-0.8574057836097843,-0.16946639053326723
Medisch Centrum Slotervaart,2.066931395592338,-1.2786257591113752,0.8005674006949441,-0.5570272089479896,-0.4269507614664873,-0.958030458986876,0.5122378309510363
Staalmanbuurt,0.9200498175966866,1.4512093550616145,-0.922382512288694,-0.730739177646349,-0.3920800429057625,-0.41541167468557266,0.44796435901467374
Schipluidenbuurt,-0.2724903476742392,-2.6987083896638944,-3.207795228743223,-1.1802466227944266,-0.918103239076523,0.5837301526790243,-1.2756309712072875
Koningin Wilhelminaplein,-1.0312997479639572,-1.168079890733504,-2.291982790488496,-0.40940559703049445,-1.2991838014747346,0.10382963579868221,-1.1383806351543664
Andreasterrein,-0.3837582155203726,0.3416180368043927,-0.7281219022263766,-1.074144655071839,-0.34503616328194214,-0.6499299297393127,-0.3338359321858166
Delflandpleinbuurt-West,0.2446632543782046,-0.577324228573255,-2.6369141657511097,-0.21659418966291222,-0.36773681474092246,0.38540742443498727,-0.4026282882864457
Delflandpleinbuurt-Oost,1.1696074946845993,-0.6984694772758506,-1.0809773285222968,-0.24307403285058785,-0.02075799196678999,-0.07009842675389191,0.1551372578587528
Riekerhaven,2.059359728217941,-0.793646816779485,0.9256438586298993,2.7411229076666874,-1.724599365896523,1.402857176875138,0.8843761651052636
Dorp Sloten,-1.4205808989681952,0.2548261181567425,-0.5771378160852337,0.03414093559010618,1.056011648664718,0.23356968370477035,-0.4608557192967769
Nieuw-Sloten-Noordwest,0.03759170278868647,0.9491926746425355,0.9119860207185135,-0.40520806055268804,-0.39502265980220963,0.24361586671738603,0.28078784107441257
Nieuw-Sloten-Noordoost,-0.46490991909514073,0.771347737287102,0.5839227403195997,-0.014123779866217547,0.595604770989885,0.21790568076921488,0.13388651042730002
Nieuw-Sloten-Zuidwest,-0.2044702274904608,0.8478170462119845,0.7709521364570634,-0.3738234423662182,-0.41499654753473686,0.023184619293893968,0.1296445223951363
BelgiÃƒÂ«plein e.o.,0.06580242445623637,-0.1389300363123834,0.15448833945476703,-0.07966324746892497,1.9897532957344748,0.7861248024069273,0.27486930908199947
Nieuw-Sloten-Zuidoost,-0.17215061900956707,0.8290789675191317,0.5444227735320517,-0.1247456838429555,-1.0907968957341188,0.22385535256203115,0.06621564232452594
Sloterweg e.o.,-1.580115564007426,1.059026768410469,-0.6205471951979926,-0.17860317237734977,0.31053131868985906,-0.13253543583981675,-0.4743364297591509
Park Haagseweg,-1.7783370577707105,0.804618238959204,0.570902874080649,0.5630387845551997,0.23624095336659107,1.4048839435455391,-0.3169752699451784
Riekerpolder,-0.8277743413653113,-0.8178115244955342,-0.5318113600566224,0.2675472591121113,-2.0438184994112794,1.031700130781184,-0.7267474450859641
Nieuwe Meer,-0.3531335210785222,-0.1391702191547573,-0.1633794130513708,1.0772121688917524,0.3545395173860522,0.3990743346388685,-0.04835208982030761
Westlandgrachtbuurt,-0.5341341995123091,-0.06071712036847048,0.20224791704277673,-0.6900698640293931,-0.8624477401801872,-0.051645671995532945,-0.3550131823506521
Surinamepleinbuurt,-0.889309105815419,-0.17523480483751602,-0.3748400747683003,-0.8644636174395367,-0.45060186215533565,0.50463428000994,-0.533952740993516
Legmeerpleinbuurt,-0.6343362558805962,-0.17154483381611865,0.15658425991292726,-0.6741685026453974,-0.6528937205299757,0.42405748961044115,-0.3735850136141018
Aalsmeerwegbuurt-West,-0.4368526332417013,-0.12805594866746262,0.9120214690814235,-0.6370738095170995,-1.2743782468451363,0.19378024004510355,-0.265663954056638
Aalsmeerwegbuurt-Oost,-0.41218759698542357,0.03988785027582638,0.893120418703842,-0.1360919194122842,-0.907200373034058,0.22621477630868836,-0.13994832699271378
Bedrijventerrein Schinkel,0.47707813451435527,-2.6793413139558835,-0.5848803725361751,-0.12546413820310487,0.11545695977543956,-0.5498563353915733,-0.5005473113556285
Schinkelbuurt-Noord,-0.21361628059188145,-0.6096928731615667,0.5229025364670378,-0.48606603612596344,-0.8528122858257979,0.45187227080272363,-0.2580756043521926
Schinkelbuurt-Zuid,0.44782019667142736,-0.292767146222568,0.4022178084757987,-0.47015576450133917,0.40185159319168834,0.42379653184543525,0.2013075284294777
Willemsparkbuurt-Noord,-1.1290350825399882,-0.5942935885624623,-0.24575968220059474,-1.3570739648075856,0.016188151326955974,-0.7205677008937852,-0.7653642370802074
Valeriusbuurt-West,-0.7305893706358837,0.0618135702223145,1.0192835347526457,-1.2456652767475096,-0.3354974557307873,-1.0152539636053002,-0.34406925557102874
Valeriusbuurt-Oost,-1.1852936076067526,-0.00603319171574462,0.8132780777802433,-1.004947833346271,-0.446132307513347,-0.6789941990191726,-0.5432765408975354
Cornelis Schuytbuurt,-0.9957578166304328,-0.39543815133007193,1.1164806850063587,-1.383046456374673,-0.040108435003904104,-1.3543556583814402,-0.5374573427237239
Concertgebouwbuurt,-0.962482413752606,-0.5864554411358325,0.35241623768861013,-1.3080548591467382,0.22328754264573508,-0.980740358277858,-0.6077685519559977
P.C. Hooftbuurt,-0.9476026092275696,-0.7262464257189526,0.6522007649424109,-0.09834035592392525,-0.36862357189658007,0.9418372259803953,-0.4518813255402783
Banpleinbuurt,-1.8204346809231442,-0.32878885732898394,-0.7916645412019855,-0.5240671625143378,1.5527668502509193,0.15440810701357008,-0.7720482955344515
Hondecoeterbuurt,-0.732910146938097,-0.6761002737933953,1.1266898220190593,-1.1851662790064885,0.29423916424523056,-0.7917828815861768,-0.4062257237795952
Johannes Vermeerbuurt,0.22375798283112142,-0.5433668923087803,1.8447353292845563,-1.0844264838032402,0.1890081085673375,-0.8147850341940769,0.09766120087608843
Duivelseiland,-0.1554817219802214,-1.0588836208125387,0.8445892908174448,-1.3783441171941437,-0.5653523506586121,-0.7043885919894193,-0.3974777116756489
Harmoniehofbuurt,-1.1266038141619066,-1.0886811398434826,1.1908392492075488,0.40206842701456974,3.3382130356177298,2.2112135898968717,-0.013284441555445392
Frans Halsbuurt,0.011068865145113576,-0.9396300735860743,0.6704942498908599,-0.5243505052654461,-0.6728350924977221,0.11412093536522787,-0.22363304047679752
Gerard Doubuurt,0.4436040397591093,-0.9541157478336776,0.5162190525108613,-0.46104150362096935,-0.12913228512244562,0.27127894389301693,0.00230505602084243
Hercules Seghersbuurt,0.4335227267291734,-1.0052213966217989,-0.04570074223930807,-0.5216398804287059,-0.05534376161063672,0.2515003642196986,-0.08324295292407669
Sarphatiparkbuurt,-0.03628517488945725,-1.017548966737353,0.3606906759442674,-0.21500196124648638,-0.5137966462378841,0.9021139798235057,-0.21203973465235662
Hemonybuurt,-0.2779443657036906,-0.8445823452267522,0.5592978189334354,-0.6277657211265396,-0.5848760667693339,-0.3329518636822163,-0.3586884378959342
Cornelis Troostbuurt,-0.17684509560352896,-0.8272572020595282,-0.19961968647019074,-0.8585589960028928,-0.18048917317932153,0.2290896691787095,-0.3523071646292207
Lizzy Ansinghbuurt,0.3283743487148316,-1.0070681391025555,0.11196589087424498,-0.7962905503827123,0.6220640814823323,0.05711263455170571,-0.06413925912030509
Van der Helstpleinbuurt,0.16495374034556481,-0.7126735620770632,1.1123461655379328,-0.5614043791897579,-0.5940515341613712,0.12048330245814236,-0.04832502903465011
Willibrordusbuurt,0.6203469857378092,-0.8914182010426864,1.117863125485492,-0.7127065473053219,0.5191140387673869,0.21327741859764976,0.2135396993487453
BurgemeesterTellegenbuurt-West,1.0192875383668383,0.26241031407316456,0.9974821569112141,0.15688612566518534,0.7110769161365539,1.3380097964490514,0.7678741753602851
Burgemeester Tellegenbuurt-Oost,1.0093469693862256,-0.08872180391373699,0.846192822764807,-0.5715684967864175,0.7702274377622336,0.37357150825165336,0.5603626010741268
Diamantbuurt,1.0701491686897924,0.10728601396563031,0.33203223147052224,-0.3735946052901046,0.9236205982936503,-0.2070999773754189,0.5598942166259417
Bertelmanpleinbuurt,1.0608956326057946,0.26466506651036215,1.013065955772375,-0.179494723757608,1.0867230030680572,0.715775257835607,0.7658243855069374
Olympisch Stadion e.o.,-0.33069317034163914,-0.05726981238530712,0.22650188265930465,-1.5528880536207548,-0.1340673441201956,-0.6954680223188436,-0.29360173324410827
Marathonbuurt-West,1.390036976094706,-0.12915879256061422,0.7362900259474996,-0.5728460069924072,1.199932239465819,-0.32910074457793703,0.6972686535824101
Marathonbuurt-Oost,0.9699744490143712,0.052892999266808224,1.2798484160094032,-0.48360763006198515,1.030649757691468,0.20368594981499766,0.6569920682929407
Van Tuyllbuurt,-0.4106780239805991,-0.13089859987753438,0.7405407808523148,-0.9833580976722411,-0.5991963954859898,-0.3875989915843618,-0.26463119699684085
IJsbaanpad e.o.,-1.7060224146103962,1.004114780969642,-0.35496962114240344,-0.43497853112173823,-0.20906503611647465,0.2692896192247575,-0.55660056001442
Hiltonbuurt,-1.825377765258074,1.1030210360424189,-0.5487669593862077,-0.26716058161979506,-0.44917320432136015,0.01771690983328608,-0.6363011167573378
Minervabuurt-Noord,-1.5635810847151013,0.3033208366966591,0.42804642796000236,-0.560728256588359,-0.1987394898984184,0.5122718090161958,-0.5463422155138976
Minervabuurt-Midden,-1.0904277108430904,0.002333325435249293,1.1737357404227093,-1.6278413218591608,-0.07162069167334732,-1.4790899581835237,-0.5108042701777306
Minervabuurt-Zuid,-1.124887015187926,-0.08172167043437126,1.1908180944204587,-0.9523412989498448,-0.08319593243436957,-0.3197421238788211,-0.42165106346361897
Beethovenbuurt,-1.1389766026056194,0.11554498755484617,0.48939064737335713,-0.7901468272073348,0.19425608494373722,0.14433659114148256,-0.40407724595192607
Diepenbrockbuurt,-2.010272296954218,0.2670628017142653,-0.6681916156323288,-0.6286219159429445,0.2998584071473731,0.17115591139557898,-0.8469685218466096
Wielingenbuurt,-0.8550579712687406,-0.12457899440200898,1.1122219979913859,-1.0018476881145582,-0.42020241691722454,-0.19277612661682442,-0.36546178087574116
Scheldebuurt-West,-0.6447030044140515,0.04495019550648584,0.7169535143142087,-0.6582911503843963,-0.34436111242569817,-0.2695694665271699,-0.2634950467661614
Scheldebuurt-Midden,-0.9959682396448393,0.067915702037667,0.6099848479855785,-0.745559832808167,-0.5254446497950959,0.20068281130447518,-0.41349660657466253
Scheldebuurt-Oost,-0.683483779285548,-0.048157473941277416,0.8962584686740763,-0.7362268443820351,-0.8376138380296353,0.66940314889586,-0.2816894677969873
Veluwebuurt,-0.0396955436981232,-0.30272254117277003,0.9164470613930191,0.18455557036537107,1.0384277321252853,0.2608522896436209,0.1795098552463986
Kop Zuidas,-1.4199056846501237,-0.38295457694451235,-0.4425056057918087,-0.39710824900067876,-1.368012035742747,0.9460506215886006,-0.8417083601699199
IJselbuurt-West,0.22073848783260477,-0.5596424099322304,0.18865495016973863,-0.5987616721108995,0.5932016739307732,-0.24937091889038943,-0.005293000598004579
IJselbuurt-Oost,-0.01888377348093082,-0.09026683418215922,0.20190692510247404,-0.7287414639473142,-0.04597996353303176,-0.21878986853575816,-0.07603254234675005
Kromme Mijdrechtbuurt,0.5692191394516803,-0.47925748571461724,1.1788102328710408,-0.8118572464881192,0.5129120977384812,-0.4229037848166399,0.24552507264526952
Rijnbuurt-West,1.6460411208824837,0.12611848062028622,1.6303512760577792,0.2869740668021083,1.3027807324621405,0.760199819091346,1.1144789512980384
Rijnbuurt-Midden,-0.43201278877995436,-0.5680058724447044,0.5022021423775381,-1.0477905458358479,-0.18476441953204142,-0.29299586095974217,-0.35393960161215643
Rijnbuurt-Oost,-0.35262970051813136,-0.24697966752630088,1.0603177452152894,-0.5910505776423518,-0.5305513864633794,0.39161048611656046,-0.1415669212338923
Zorgvlied,-1.5429898592025555,-0.07404830384911185,-0.526537544708931,0.8777577776472324,1.0304958571177762,0.2489650671058992,-0.512430143434204
Prinses Irenebuurt,-1.489211495211444,0.07610297285828747,0.5510625410249833,-0.525023412341654,0.3836020576023688,0.41630924844637685,-0.4891159626150303
Zuidas-Noord,-0.9734369659839787,-0.4813635657689748,-0.3257274994385102,0.5273503358336804,-1.9002291867056254,-0.3197444550009517,-0.7285588133015788
VU-kwartier,0.05377499859199763,-0.7484124631444833,-0.016657515211297456,1.3015045862337957,-1.632119083323445,0.3092228537057935,-0.20498786349929446
Zuidas-Zuid,-0.62473169647331,-0.6264861039074315,-0.1321723406729906,-0.5274855760147269,-1.82303883803606,-0.4122206388005724,-0.6733476575052689
Vivaldi,0.9989506144470061,-2.7137468532330393,-0.9290888090015833,-0.9942271399277883,-1.2690896308349409,-1.1664686947146043,-0.5973778676409849
Amsterdamse Bos,-1.6426097064720544,0.32450463313406963,-0.7404702906651247,0.901319710384176,1.0780545816339073,0.5324530948189584,-0.4690368589551081
Zuiderhof,0.291250491884776,-0.7781977477771743,0.26715247461977903,3.325630346374419,-2.374973353968941,-0.10548024025138843,-0.027437987108871905
Buitenveldert-West-Midden,-1.0438431918512623,-0.09574005676004421,0.1343334676362759,-0.26763691108713905,1.5367092343212396,0.6089076293747865,-0.24220827727096567
Gelderlandpleinbuurt,0.012366668262316756,-0.6758342478589718,0.16501503065197112,-1.0675597971326867,1.0072784067714762,-0.3720686620763911,-0.11633763386438466
Buitenveldert-Zuidwest,-0.3351408511018295,-0.3658390767005323,0.5490633271926105,-0.6514971902015357,1.5889060213138122,-0.09106542242584835,-0.026475652558337948
Buitenveldert-Zuid-Midden,-0.18348859711903628,-0.14494934189283412,0.1036958628474801,-0.872731440114647,-0.5326965278656663,-0.027382878754318652,-0.22083173575558052
De Klenckebuurt,-0.9077474098100428,-0.6078115144915532,0.10350887858888537,-0.2656409506958729,1.5936332566126572,0.38904288807407494,-0.31013801431255256
Buitenveldert-Oost-Midden,0.2950248846184215,0.02389778354240967,-0.03486698286012104,-0.36875665372000793,1.4088763622188043,0.433418741703928,0.27190506228925276
Buitenveldert-Zuidoost,-0.427519049393265,-0.877541657067377,-0.8138367823965184,-0.8608890762520022,0.8001432254111192,-0.0158961802122053,-0.4507422205698052
Amstelpark,-0.6354825186580199,-0.5024369011738037,-0.6183153586441401,-0.04052690054296136,1.0790414788002096,-0.15676660969870182,-0.3410410456603351
Java-eiland,-0.9714657627030914,0.2020581462278768,0.6166967766565595,-0.23796762986833195,-0.207662596788279,0.30960794209226866,-0.2923978444323612
KNSM-eiland,-0.37942126157614287,0.3736431056222638,1.8718122492689846,0.2850459356555483,0.3530813384668014,0.4804760863954372,0.25921433553783424
Oostelijke Handelskade,-0.6696739437200057,0.343247964372554,-0.5719373286798985,-0.5411356026695452,-1.1513639670672982,0.06965490958147774,-0.43401600221704145
Rietlanden,-0.39027439035485334,0.39952117310074825,1.012552722033202,-0.19634907958226522,-0.5086508914737938,0.020091918772950124,-0.0095941460857553
Sporenburg,-1.170388679093972,0.8805009233641768,1.036954722139362,-0.3037891075077402,-1.1548553880260946,0.5123191460386687,-0.26700077477892625
Borneo,-0.8496432740237818,1.2400806467586543,1.175332279547482,-0.2356269734910235,-1.3366777172599336,0.21581829103369654,-0.07242664403670585
Entrepot-Noordwest,0.6297660396413306,0.3724501275610476,1.2312576209150257,-0.2142877113231568,0.10032650244851897,0.05612688855425849,0.49321159839398115
Bedrijvengebied Veelaan,-0.5412005852118463,-0.004138502113436811,-0.08177229466895355,-0.9166974347970263,1.839310949658325,-0.5060588864226612,-0.12921077759834573
Architectenbuurt,-0.2363192077583714,0.07885446192567822,0.012399404779158574,0.08210783443155553,0.5946542247716963,0.6569595765732058,0.03366906936180264
Cruquiusbuurt,-1.1433065006630354,-0.2904999802318766,-0.19505613456314203,0.024347854824502555,-1.7368007359848499,-0.382865782946866,-0.7633669165354171
Bedrijvengebied Zeeburgerkade,-0.3647350741995083,-0.5347007767649116,-0.15457865840333582,0.2114531727392384,-0.23513015439384397,-1.3159455380187963,-0.371780618426673
Weesperzijde-Noord,-0.7056921656682767,-0.40510637840948305,0.5965620322278143,-0.2865380980174849,-1.023517624262924,0.16480631356138292,-0.42288896538174947
Weesperzijde-Midden/Zuid,-0.6025792977154351,-0.23928780647674308,0.3802381806997266,-0.3309174210254531,-0.5867909323683049,-0.09055930877552947,-0.343030022948078
Parooldriehoek,2.4545436589788077,-0.9800671578900151,0.7395149970935809,-2.2552143009058034,-0.8118223879739189,-1.0733953499087663,0.5456516741653079
Oosterparkbuurt-Noordwest,0.5589411904893842,-0.334969821023797,0.38626916679550904,-0.25229062799084223,0.09925590002664123,0.14411457111507098,0.20218364604680245
Oosterpark,1.494418102305322,-1.2638546386864926,0.8229596548343893,-0.37219301645899927,0.13351561794925415,0.07029630936816986,0.4230884310315461
Oosterparkbuurt-Zuidwest,1.084044370654116,0.10573643363941519,0.26461955933493664,0.04943787014992221,0.4301772505261734,0.3126780635581387,0.565642621363541
Oosterparkbuurt-Zuidoost,0.25883566363629257,-0.30457783830002977,0.6586355569357165,-0.7825905692996991,0.2096994778974801,-0.5609603841068829,0.052015323339037446
Transvaalbuurt-West,0.9297005796807737,0.010093273276663053,-0.14982182939554647,-0.5940829691133579,0.6981756500709364,-0.30526074450483387,0.3718257724065962
Transvaalbuurt-Oost,0.8444274989009966,0.2970077409814338,0.7149177085311058,-0.4569653126206346,-0.13371909335811666,-0.0849501642519449,0.44400570236207837
Dapperbuurt-Noord,0.6878761967553207,-0.198894085212173,-0.09203463889357778,-0.3109953879574996,0.6934384117960077,0.5887617985925689,0.30948958253110204
Dapperbuurt-Zuid,0.8041725178332562,-0.3361219256615261,0.10269685347587162,-0.4006259469691424,0.5905984143638862,-0.14583479285675788,0.2900830257345038
Oostpoort,0.07605859596416674,0.4122421624086076,1.1478307088464008,0.005334206000258945,0.31410482235011783,-0.014087797260104496,0.30356816034247724
Timorpleinbuurt-Noord,0.6513006536381101,-0.1954767982760821,1.0161113894614353,-0.2732944108146426,-0.6350123570283778,0.08459205661811073,0.2655623395740222
Timorpleinbuurt-Zuid,0.848630571792322,-0.16907641851932317,0.8583658765891204,-0.6549420368389618,-0.31921283350392676,-0.10529656152124088,0.32477954788351626
Ambonpleinbuurt,1.5665586292775076,0.4652925546921059,-0.10697653770758647,-0.7090120281566482,0.7102590310414574,-0.6822096340559637,0.7053939221288608
Makassarpleinbuurt,1.3363259958306442,0.1511250820617866,0.3273454583722161,-0.31742600428414386,0.9243595584933373,-0.27104941755502576,0.6773477587652399
Zeeburgerdijk-Oost,-0.9261255351085086,0.8695741868158892,-0.17632310617213803,0.9502140802030522,-0.21189529792116252,2.2513036286973453,-0.023622270110320587
Sumatraplantsoenbuurt,1.0305127883624616,0.4054616696813521,-0.5849661879058492,-0.5537453392790809,0.4648780219106917,-0.4125465017020136,0.41456593416531534
Flevopark,-0.9000784251657465,-0.8248771553154115,-0.7566100169223906,-0.587196434293145,-0.0608095908128398,-0.3136415991344178,-0.7139466474367532
Sluisbuurt,-1.5588724959477558,-0.06982887373061658,-0.8163454714466125,-0.14546102313923442,1.4384107466448615,-0.5794739054124187,-0.6386946098599442
Sportheldenbuurt,-0.5100853426050144,0.3469653701617081,-0.9362373576830642,-0.18266276216197305,-1.7502930683009723,0.07522194061792162,-0.4532656857560632
Oostpunt Zeeburgereiland,-0.830091497487396,0.12659672001759845,-0.28712771831754175,0.8814034818185656,0.46292273598705314,-0.09944931582450538,-0.23153663967380608
Baaibuurt-West,0.8737692219197368,-1.2524500467824384,0.41479175444837013,-0.8887258728505927,-0.5638589656831959,-2.0809881697121817,-0.12149686945528348
Baaibuurt-Oost,1.7037055863756259,-1.7233529837678583,0.4995775737390156,-1.200198328729105,-0.3608544524367287,-1.0668451321290555,0.17951966591918292
Bovendiep/Diemerpark,-1.7970455613354046,0.33008606505088534,-0.5683779050638993,1.340355406809313,1.1252837181664967,-0.08599425884251671,-0.5050998649781583
Steigereiland-Zuid,-0.6962147441490355,2.177535776977644,0.6062062929796765,0.1066318570473018,-1.880863156658578,0.5475185459178069,0.1085362329398457
Steigereiland-Noord,-0.49659863478618493,1.674364144964218,0.253951958617929,-0.11959801120095476,-2.259203084571354,0.14970649110641174,-0.04926963762966996
Rieteilanden-West,-1.6371723022250442,1.7084028212099778,0.034242910274133564,-0.027907222127530485,-1.55830142372451,0.38536756216600465,-0.43368011451227856
Joris Ivenspleinbuurt,-0.1741112744305462,0.7039051924157643,-0.6354090016441968,-0.22498890987959796,-1.0118065647367696,0.4614338161090746,-0.09941762713678472
Ed Pelsterparkbuurt,-0.4997873859767804,1.4245014651893642,-1.5796613988498047,-0.7751128523484936,-1.2441723216673704,0.012233663496053086,-0.28939016173858506
Centrumeiland,-0.9656331315277477,2.228459249147027,0.2118608093981707,0.24048323915578165,-2.195822667487744,-3.526774747614447,-0.30372962920026797
Havenkwartier IJburg,0.6383486147891629,1.4678619121192338,0.22332024367171233,-0.3226467887925227,-1.4038447137418086,0.8108266961948107,0.4778677888641802
Theo van Goghparkbuurt,-0.6584374547861053,1.9058676670568842,-0.21926103320393042,-0.63751755629249,-1.8022557405684594,-0.20975644162742127,-0.13606739070260154
Rieteiland-Oost,-2.4260857759019236,1.8530569727919712,-0.34794022601250446,-0.1615214076658509,-1.6074669770155003,-0.9959120379811773,-0.8674165300940673
Van der Kunbuurt,1.9163752880252167,0.8727570447107659,0.7697512268231615,0.08264051925660892,-0.5563000270447725,1.1461348691102091,1.0792629117233503
De Eenhoorn,0.28132760797230577,-1.6643882375585561,-1.7315027160382157,-0.20115032058485763,-0.8018763251244199,0.7309774668980391,-0.5361652909353148
Don Bosco,-0.5358467230313351,0.4285017713005833,1.1901914660838153,-0.4943536457428037,-0.3921770502243917,-0.19771446254025862,-0.06239266359438704
Julianapark,-1.071820123922149,-0.91293310589154,-1.2072693973846478,-0.8040651142626886,-0.1327398749365792,0.055374488308421566,-0.8640398009872685
Frankendael,-0.9287727548676009,0.013532900797666926,-0.5184766789689461,-0.9468623897083023,0.2518699357619972,0.07083126330618768,-0.48158761618477847
Tuindorp Amstelstation,2.1765340567180385,1.0451308820111265,0.8656155030600878,-0.8272180346200729,1.7994961901884852,-0.08059084584119906,1.351101375497979
De Wetbuurt,-0.1100048373861653,0.6891813900129045,1.4823993239512003,-0.2348232448250949,0.6303375919392732,0.33059737188953037,0.3686290328717064
Tuindorp Frankendael,0.2880844458005021,0.0717493296739101,0.4611939220480814,0.44024222457227263,1.0192216738136144,0.6971447977216737,0.37915365503096204
Linnaeusparkbuurt,-0.9228056883363901,0.3643898123644438,1.6886067563059772,-0.4107542789152056,-0.5689001892606478,-0.3030329271601353,-0.18793200896246748
Middenmeer-Noord,-1.0003078570454513,1.024971440033551,1.6789222405453643,-0.433210388722463,-0.7556594869483834,-0.004593776023507323,-0.08013200705983645
Middenmeer-Zuid,-0.9826575987358471,0.836195559210192,1.3409121536101236,-0.27713819664447,-1.0770708504700286,0.143003548175403,-0.17261683341011405
Science Park-Noord,0.3931343498436642,-2.0059202137076313,-1.2358164158520262,-2.383233562948548,-0.3044354124444831,-1.1062015794039881,-0.7249684929252598
Science Park-Zuid,2.07416628249235,-0.9861550207974739,0.7364139442760592,1.0353503799227601,-1.4957913207524736,-0.14514220721056972,0.6252109092827746
Sportpark Middenmeer-Zuid,-1.2760333461295232,-0.6589348445121245,-0.6028561602357472,-0.5256573323154683,4.483186797408407,-0.04900354895849344,-0.2896552382894554
Sportpark Middenmeer-Noord,3.307340276080785,-1.3181841017981757,1.0141753236391848,1.82365036415434,-1.9517093355683683,-1.9277760250672944,0.9936271632670991
Park de Meer,-0.5204042296402271,0.5977234542424147,1.7243252325325442,-0.39860624819028495,0.5800060384369146,-0.028301910195415683,0.17427526749094352
Betondorp,0.7831865093080767,0.6527584741215522,0.8931294659246058,0.11589476071424341,1.550687049868029,0.7113253556227962,0.7969984369170554
De Omval,-1.580154465414224,-0.7860178297194608,-0.9649499907139033,-0.09373408504018219,-0.24196716845523925,0.9619653376149887,-0.9141399611479746
Overamstel,-1.681015080623629,0.06421977047674102,-0.15068182372276206,4.319340694283133,0.5600714686999003,-0.6162459514235588,-0.3242908152585933
Amstelglorie,-1.4626199342056012,0.4101384271179094,-0.0660709745922368,0.7864294679051901,0.6813958132767887,-3.3677839117722232,-0.5720483740363005
Amstelkwartier-West,0.07697939816630874,-3.009805527166757,-3.3441774826613346,-1.2291656851740704,-0.19624879103897577,-1.1377936798986337,-1.2456759333306606
Amstelkwartier-Noord,-1.220527900455825,-0.5003060892907271,-1.0698743156046389,0.0775159223965394,-1.9389777371228385,0.739460677808444,-0.905743762546298
Amstelkwartier-Zuid,-0.29345076031706724,-0.37778133843303197,-0.29872571815721816,0.7903331244617477,0.6175313766317437,-0.017086048914680057,-0.11192518980299848
Weespertrekvaart,-1.57329669437747,-0.5352738578600809,-1.6874056001043694,0.8341758264691052,-1.7996101775345688,0.7363422023675428,-1.061851379849428
Noorder IJplas,-1.741347228254072,0.4933403596888463,-0.43939009289387954,1.097869295292466,2.311642958141457,-1.5998353724978054,-0.40733070596941806
Melkweg/Oostzanerwerf,-1.2383874972039648,1.0030174729098809,-0.17128104350501472,1.160729072881388,1.2594054985433025,-2.447750473265037,-0.21783302680714933
Walvisbuurt,-1.0249103336119616,1.6116335241324444,-0.6526985937548151,0.17252028596494198,-0.47144836123589845,0.46931200635706677,-0.15567961577772454
Twiske-West,-0.840015302532332,1.6929905032169055,0.3033812235651439,0.0288136765016964,0.07785501390036267,0.4757490470268028,0.10997019025202559
Oostzanerdijk,-1.2875529197983195,0.7870347393458609,-0.3874632867322015,-0.10984779635539321,0.599406888131564,-0.9140221752636408,-0.39442050829673514
Circus/Kermisbuurt,-0.18274663530709775,0.6084046652908399,-0.41271710637072273,-0.2999614966095443,0.5838062648866817,-0.5703525064087724,0.01389490345930814
Molenwijk,1.2843938674656323,1.3022389163903858,-0.4419607461407972,-0.2664030090012249,0.8008981007416948,-0.21685199807925126,0.8036551716604203
NDSM terrein,-0.6787522471111725,-1.3811559502390447,-2.52530800710499,0.3059829411950562,-1.5360576730998943,1.5234364206122264,-0.9596391782547545
Buiksloterham-Zuid,-0.07189863090581766,0.5376920140657836,-0.14885736772017108,0.2091363402330004,-0.570986292793567,-0.7231946497455853,-0.019148910757337607
Buiksloterham-Noord,-0.43425356300050344,1.2464012472928023,0.17979634254417687,0.29768515625508696,-1.3168332915361507,-0.3428183473070723,-0.020470480903237928
Klaprozenbuurt,-1.3165988107741284,0.351032945891045,-0.3258231350863187,1.1466930747558108,-0.4797787671235137,-3.2006953699163136,-0.6493286301343724
Overhoeks,-0.6435562096025929,-0.6335293124093311,0.7653805797979111,0.5661784602760108,-0.7405681632583546,-0.06433563571217941,-0.3421747380578688
Tuindorp Oostzaan-West,-0.23918142351508254,1.0305646430138935,-0.43581976782049614,0.05719410752571966,2.467653198337201,0.5805992490735884,0.3834541444658912
Tuindorp Oostzaan-Oost,0.4434845251611728,1.4235826031570422,1.0445298086966348,-0.17867578285869654,0.8174836222699339,-0.12852081289367462,0.6955489521844056
Terrasdorp,0.5261136756052591,0.8654084729870165,-0.3164631485704108,0.5641458778367349,1.0130797448917528,0.5021977981291836,0.547121148521685
De Bongerd,-0.7467014605526928,2.47349855320089,0.8377718895056762,-0.09846161753265698,-2.4397172040287547,-0.07161981040370183,0.06922200557335799
Twiske-Oost,-0.7633396973746877,1.1015621347618545,-0.37894087301736756,-0.3956664909303088,1.3580026439987174,-0.28440316142883354,-0.01384023289438634
Kadoelen,-1.3945850645257505,1.8654222970499814,0.12175466328945872,-0.36520278933768885,-0.5175529920432227,-0.22215438555697667,-0.2371464221885712
Banne-Noordwest,1.1791854272529152,0.8351229836416233,-1.3852412402658316,-0.3681374262723869,0.7157648173232619,-0.22020415730209209,0.5192758153967372
Banne-Noordoost,0.6746218641656391,1.307651143596602,-1.1307495420117835,-0.20671058698508596,0.5125390189427299,-0.0754225128411736,0.4504433700211626
Banne-Zuidwest,0.7676379104256016,1.114903421105178,-1.7277341929933723,-0.8774458231927973,0.6765473507014951,0.15430953438380113,0.348090915689101
Banne-Zuidoost,0.146699588098911,0.865930064734699,-0.4052099190259183,0.4091811935813299,0.4390566486183473,0.20218451843290966,0.28941276077654676
Buiksloterbreek,-1.962757164554913,0.8287821018168599,1.1459006349725702,0.515852842144868,0.7034296364155632,-0.23310486842441974,-0.3606363409720216
Marjoleinterrein,0.054524560072220694,0.6775580753009915,0.03271622837953254,-0.002228650888901559,-0.8323866287163946,-0.3601559920391646,0.06230692304031048
Buiksloterdijk-West,-2.041673986275711,0.949176253494426,-0.4221060084473027,-0.06313045358254063,0.556682686958078,-1.7770218027966564,-0.7202270774290284
Buiksloterdijk-Oost,-2.1966195611100936,1.1885725340498468,-0.30610650029211317,0.10793802124796971,1.0982131136832776,-2.104838510305845,-0.6617473449107518
Nieuwendammerdijk-West,-2.163579229937714,0.8145741610979822,-0.6333278313616546,-0.4750697432414044,0.10270641866536143,-0.08675339806558582,-0.8090841869421944
Nieuwendammerdijk-Oost,-2.3604459578316064,1.2088866257608772,-0.5556887047698981,0.023458917491261208,-0.31073302882502396,-0.39568386534508815,-0.8169347107268371
Elzenhagen-Noord,-0.5648686387242671,1.142481197389596,0.4603016027267375,-0.19503623798999042,-1.5483799262989248,-0.12183764816861654,-0.11080781758819748
Elzenhagen-Zuid,1.8360679545344223,-0.9393405507115298,-0.7313329094559454,1.1693204060966027,-0.23297041978373503,-2.1239009932164397,0.3829167820065554
Nintemanterrein,-2.242916938213395,1.1695213066149723,-0.6019139707607171,0.6552909531517813,1.2072892625654084,-2.8950810069940647,-0.7146703046893279
Buikslotermeer-Noord,-0.06910809231183936,-0.4959716968387958,-0.5176288948017833,-0.531645209231836,1.6714005323975187,0.1645371271675149,-0.05157683308710899
De Kleine Wereld,1.5080398561632957,1.255062240759185,-0.826133821056019,-0.678614714536306,1.0093157381342814,0.20469505730360776,0.8498744225431385
Loenermark,0.18451407991293683,-0.5486346107355462,-0.62083802969141,-0.041012701831056896,1.078676853825157,0.6378016620542398,0.026951514111212257
Buikslotermeerplein,0.6451045977137712,-0.28297179610365847,-0.8869311093820942,-0.11543973995344124,2.436179851795921,0.7587495778233335,0.3880638599497565
Plan van Gool,0.9048848095647709,0.8762143305328817,-0.8920313477748798,-0.3977845203020244,0.12484304814886012,0.33764392044665553,0.44636659187961514
Rode Kruisbuurt,-1.786556057041509,0.11290919022513972,-0.5184111692314165,0.10955165017030503,2.279518505431572,-0.40431153043803697,-0.5296133348910389
Markengouw-Noord,-0.770139039558052,-0.28672252409183996,-0.898325133739155,0.019675814496072527,1.0049159178371683,0.5547874382255806,-0.3459237135247868
Markengouw-Midden,0.8098738765043478,1.7885141340344717,-1.4272683966211055,-0.6533088287603919,-0.7635355921259146,-0.5329241154609197,0.37064323953160827
Markengouw-Zuid,0.7623217377023704,2.092871862728892,-1.3971730586788627,-0.13512000562734044,-1.2010602285934444,-0.09421395215008925,0.44011873898151366
Werengouw-Noord,-0.9808092761514265,-0.6378443673434087,-0.546295390795015,-0.0038167220510264836,2.1278932625016322,0.488712549608685,-0.34513474954783463
Werengouw-Midden,0.7160175209737679,0.651156714987627,-1.3849706972672862,-0.15337403039338218,0.5395188005218574,0.3641333001925939,0.3230653550614451
Werengouw-Zuid,1.1024547678024688,2.0056659927608838,0.9105769905760296,-0.4135617162941979,-0.9387448984210489,-0.7282417143660083,0.8262254689229173
Bloemenbuurt-Noord,0.45394299534106364,1.0228581249513482,0.06510004493009061,0.09273207010245779,0.8511222594236602,-0.03804549916931075,0.515512121538051
Bloemenbuurt-Zuid,1.2759291799889054,1.173037582083403,0.391701946707578,0.020005734839425745,0.7299721995646011,-0.07801814954683121,0.9019935478854287
Van der Pekbuurt,1.4492094738124652,0.8627786900842881,-0.4048948361694156,-0.01662451421564192,0.24982145058272157,0.2535268553878051,0.765004135030831
Vogelbuurt-Noord,1.2526146682715256,1.0228734798576742,2.1798499918769347,-0.16059679423912082,-0.26615245409707117,-0.007450734176795741,0.9707218374728505
Vliegenbos,-1.5230347217622844,0.458734130407789,-0.3269315789123044,0.774684650918691,-0.014015855460227258,-1.7238803196827432,-0.6003108466468562
Vogelbuurt-Zuid,0.9782833180244337,0.8620828457367211,0.8647271058045741,0.02458746784586536,-0.10984387776113601,0.7997779445578288,0.7337418890314781
IJplein e.o.,1.2011422023347127,0.13855099015356898,-0.16042870980775625,0.24118412538240214,1.220717036089301,0.2698279000649742,0.6647775882536872
Blauwe Zand,0.8528805712730486,1.2814381710380056,1.1826486144989883,-0.07512310761264045,0.8631738434731357,0.15209547353788555,0.8773828670570444
Tuindorp Nieuwendam-West,0.16630026544930018,1.1294763326947437,0.8206589351809213,-0.16841860443183185,1.8828995372098956,-0.05549963069502276,0.6121315334253229
Tuindorp Nieuwendam-Oost,0.5138367346504209,1.3627520876014554,1.1646660876131054,-0.026559629482771758,1.0392476109330708,0.2137039876145006,0.782476522942848
Hamerstraatkwartier-West,0.3635149328610657,-2.098511636633922,-0.3389170536192695,1.0465890695709952,-1.0926923082722264,-0.5066686997104458,-0.42632240203811456
Bedrijventerrein Nieuwendammerdijk,-1.0525278199264403,-0.403808894437004,-0.5014093435217309,0.9376313510642783,0.5678253622502395,-0.3987541217610397,-0.4674370411220867
Noorderstrook-West,1.1499185515161734,-1.9358389989929186,0.0469326162366107,1.3077701760812803,0.012725820162863425,-1.3041221821606428,0.07254151072818457
Zunderdorp,-1.8979303973601958,0.4346356122883089,-0.6698796894496523,0.5819585659665523,1.4351006452672306,-0.07512429660983473,-0.560320679302278
Schellingwoude-West,-2.0550145841225196,0.6351021743900321,-0.6487824645275443,0.5712837741971001,1.7646517562366293,-0.5008853688114844,-0.5667095321640905
Schellingwoude-Oost,-2.058707572529556,1.1412605379545262,-0.49705279621957665,-0.004441580278086026,0.29082960815015985,0.11116690007862645,-0.6083407099310484
Zwarte Gouw,-0.43769603000158835,-0.5249771830341318,-0.25821964550434745,2.9832991546219128,0.20916719885047147,0.3389889993729285,-0.05085350741611189
Holysloot,-2.106456574125147,0.921459042429311,-0.7199940901517975,0.4527832206807262,1.0597886847732767,-0.7979264527116203,-0.6379792329267062
Ransdorp,-2.260086055948782,0.656146151082731,-0.7448404158280878,0.20576811345916513,1.2995049295303092,-0.2678509681780177,-0.7233802454388096
Durgerdam,-2.135786807227908,1.0482881947439573,-0.6655223832527926,0.3836844306851402,0.34898749996206563,-0.2669252870540793,-0.667320281840908
Landelijk gebied Driemond,-2.2034105998407987,1.6961011124926433,-0.5742905967549247,0.7615887513839271,-0.18535602713329788,-1.0855438864307185,-0.6180176826809682
Dorp Driemond,-1.0417964866756295,1.8754729052871713,1.0215052365293147,0.15926481469812798,-0.2536071065735329,0.0913105049404798,0.11213860856385335
Hoofdcentrum-Zuidoost,0.5768235890048191,-0.682713224341769,0.2282817153799354,1.9902768473265509,-2.415654876149518,-0.18363818543558233,-0.008823097118344541
Amstel III deel C/D-Noord,-0.24645654704107528,-0.5375147324162858,-0.003525628184878424,3.3072063557915135,-1.265374686399696,-0.07999539356271917,-0.10496657040562875
Amstel III deel A/B-Noord,1.314305860357258,-0.08642698819299063,1.1859159099784276,3.2299361417796186,-1.7695082161124507,-12.322344873820889,-0.0012952865387246826
Amstel III deel A/B-Zuid,0.6851897726912504,-2.0988660612673598,-0.39925058584403816,-1.3714576320278282,-1.59894009945497,-0.061596706467303905,-0.5216201585672265
AMC,1.3278625397087098,0.20784551127868947,1.094151484777621,6.296705777351245,-0.6878577869449479,1.4990857838760347,1.2264096847013408
Hoge Dijk,-0.34453801585277866,-0.6921948121263337,-0.13393911210046913,1.7522769752379785,-0.5349428302957342,0.12395135431478801,-0.22410390922904921
Venserpolder-West,1.189987510146442,0.5564244695843494,-1.2659511296882355,0.45597930061861425,0.4389370692617424,1.004877370497596,0.5833984223937345
Venserpolder-Oost,0.7968766433918514,0.5090816337593922,-1.9617323751797329,0.4243377247260484,-0.036999251762614795,1.115023924884518,0.2758052469202358
D-buurt,1.0156897858743497,-2.5180984067723,-4.246147348321649,-1.7731000050540373,0.35970216815370326,-1.3166623036229996,-0.8656918353469095
F-buurt,0.22250047064494796,0.7823339231292462,-2.052546577465111,0.043711410568539534,-1.1716663245500245,1.1966783347042662,-0.05794126048374609
Amsterdamse Poort,2.7135533194265693,0.09505960601707646,0.8567165972685105,0.5925770043995852,0.9939087457296025,-0.11372880324892307,1.3783848196798885
Vogeltjeswei,0.46861545167393437,1.4712443785961378,0.0023589786490416896,0.2631595641567657,0.06992564114453728,1.130154287696447,0.6078472386392647
Hoptille,1.3908038553402078,-0.44380490209076023,-2.035831155804701,-0.045699928070027616,-0.5204522519304111,0.7146313942220032,0.1839536783730595
Rechte H-buurt,1.8580385638999433,1.6418586506037558,-0.3087591402251283,0.14212897514369088,-0.667399355239989,1.1158683896034882,1.0761987052960502
Hakfort/Huigenbos,2.0872907079730125,1.8162479542002372,-0.1658557720883455,0.3961922665516597,-1.141327932949506,1.9277471976126126,1.2410623336642919
Huntum,-1.4518960851960185,0.49271610810322775,-0.5099343669223086,0.34849110008461376,1.5929768802345983,-0.7713269612425511,-0.3880920172334864
E-buurt,-0.09087030176587968,1.6953738079329572,-0.7266649680255327,-0.6437022472725369,-1.904616980197248,0.2868977440664618,-0.0006297803352799496
G-buurt-West,-0.4432268747277629,0.8630898157369071,-1.7270819769801606,0.22041212173359453,0.2314917709450622,1.2413943897254405,-0.09694151449073132
G-buurt-Noord,2.356163754003247,1.478896186797133,-1.1430531025946553,0.8356650218797714,0.01569956255849598,1.1384317593117461,1.2647914090736405
G-buurt-Oost,-0.6684478717375152,-0.15521390444352928,-0.07864372756005376,1.0968747843787352,1.822296639722679,1.8705122542276118,0.080841443000922
Grunder/Koningshoef,0.6826805499147331,1.6416263621673302,0.1872599566828018,-0.5203277151597503,-1.246401787906503,0.23088929688111096,0.4972237969678968
Kantershof,0.5613281200671916,0.6723013421743744,0.40616291308227354,0.8547836142535817,1.0864756418821289,0.8767882210108974,0.6648233056775459
Bijlmermuseum-Noord,2.1668398118529537,1.529915851558812,0.16248487674222833,0.6934612826441321,0.5301264974540884,2.7307204819582487,1.5068223417482969
Bijlmermuseum-Zuid,1.2694157960172572,0.9693941223871656,-1.6166211464459406,-0.028926407194712598,-0.36456929653997816,0.7079560613213796,0.5175323838240229
De Kameleon e.o.,1.2215917393980547,0.9409719473403896,-2.8712263156188156,0.5985442379621496,-0.43740232344377916,1.788374585786088,0.4343683058295744
Gooise Kant,-0.42125048142155,2.748655064911189,-0.0003215519052052661,-0.3096167261347145,-3.409050375090017,0.22931239200712328,0.047943426527839964
Kortvoort,1.5649489863394739,1.3298649539021432,-0.26477885057357026,0.8674415568947981,0.6439795627749879,1.8750814461253247,1.1399421956211875
Kelbergen,1.146558604707721,1.841344012133128,0.3598430993833377,0.012129074022503714,-0.17486070725398656,0.9897428635950787,0.9549768481197075
K-buurt-Zuidwest,0.8549843767969326,1.848159293772622,0.2555270798452111,-0.291823017086998,-1.2291834784460554,0.5823799344838013,0.6614694361838572
K-buurt-Zuidoost,0.2687779591385285,2.1502059283593487,0.07185190592210983,0.14565680655363766,-2.3917603223747324,0.4884955061480525,0.3675409271123565
Holendrecht-West,2.336867190141206,1.8574882297099895,0.22508447816677565,-0.7821066007160354,1.0680353727761642,0.4666285874893174,1.4671024672331807
Holendrecht-Oost,-0.6326985479313743,1.2213007231725581,-0.32937711247869156,0.48894774977967,1.3064454567992296,1.5405595374362262,0.2420767599503097
Holendrecht-Zuid,1.631155273653141,1.8565764595918615,-0.9852663024470573,-0.6952965754400656,0.038573912467021,0.7210060799384976,0.933625068292705
L-buurt,-0.5972990643286505,0.36544762103360506,-1.3081572427708954,0.6676430939724265,0.2586189578016177,1.4819247415347154,-0.16273203834436173
Reigersbos 1,0.912250706438229,1.179233128611071,-0.19945537937809718,0.7701104424658655,-0.5279666281690438,0.9974936128349073,0.6630689624434141
Reigersbos 2,0.4522655900681132,0.7336337948318821,-1.7036494162412859,1.1338815874263246,0.5278730374506498,2.462137735214464,0.4154221419950507
Reigersbos 3,0.6646432573317642,1.245814607078535,-0.7088498443665094,0.15288538492243153,0.5255032222169326,0.7026722533018284,0.5623338534977707
Reigersbos 4,-0.10185656917905184,1.1558285499594736,-0.42969524872559794,0.3678365318600779,0.8609468215066296,0.3893372534872855,0.30355085010423
Gein 1,1.2905898776003322,1.0508308512391755,-0.4422150493689962,0.2967062672569364,0.28124038182898453,0.7942878912174417,0.7969128077706477
Gein 2,1.3885154370507484,1.6515965929212717,-0.4199917654616255,0.324792608442363,-0.7155413111924085,1.8355524200924005,0.9251487168638985
Gein 3,-1.2449928035406115,1.0958572577430483,0.508297485269396,0.47199380434156296,0.5358687412914327,0.31866563437148043,-0.08311225625967916
Gein 4,0.48871509596626317,1.4355787670042266,1.0565644438245863,0.1198344511666288,0.3756312410850678,0.46184964941436896,0.7273392556079367
